group,id,verdict,rejectedAt,totalWords,uniqueWords,qualifyingFacts,residualWords,maxOverlap,overlapAgainst
profession,dentistry,REJECT,uniqueWords,748,79,,,,
profession,dietetics,REJECT,uniqueWords,741,72,,,,
profession,medicine,REJECT,uniqueWords,739,70,,,,
profession,nursing,REJECT,uniqueWords,742,73,,,,
profession,occupational-therapy,REJECT,uniqueWords,750,81,,,,
profession,optometry,REJECT,uniqueWords,750,81,,,,
profession,pharmacy,REJECT,uniqueWords,743,74,,,,
profession,physiotherapy,REJECT,uniqueWords,743,74,,,,
profession,podiatry,REJECT,uniqueWords,745,76,,,,
profession,radiography,REJECT,uniqueWords,743,74,,,,
profession,speech-pathology,REJECT,uniqueWords,754,85,,,,
profession,veterinary-science,REJECT,uniqueWords,757,88,,,,
profession-origin,dentistry__from-afghanistan,REJECT,uniqueWords,1021,218,,,,
profession-origin,dentistry__from-albania,REJECT,uniqueWords,1021,218,,,,
profession-origin,dentistry__from-algeria,REJECT,uniqueWords,1029,226,,,,
profession-origin,dentistry__from-andorra,REJECT,uniqueWords,1029,226,,,,
profession-origin,dentistry__from-angola,REJECT,uniqueWords,1023,220,,,,
profession-origin,dentistry__from-antigua-and-barbuda,REJECT,uniqueWords,1037,234,,,,
profession-origin,dentistry__from-argentina,REJECT,uniqueWords,1023,220,,,,
profession-origin,dentistry__from-armenia,REJECT,uniqueWords,1029,226,,,,
profession-origin,dentistry__from-austria,REJECT,uniqueWords,1029,226,,,,
profession-origin,dentistry__from-azerbaijan,REJECT,uniqueWords,1023,220,,,,
profession-origin,dentistry__from-bahamas,REJECT,uniqueWords,1027,224,,,,
profession-origin,dentistry__from-bahrain,REJECT,uniqueWords,1029,226,,,,
profession-origin,dentistry__from-bangladesh,REJECT,uniqueWords,1023,220,,,,
profession-origin,dentistry__from-barbados,REJECT,uniqueWords,1023,220,,,,
profession-origin,dentistry__from-belarus,REJECT,uniqueWords,1021,218,,,,
profession-origin,dentistry__from-belgium,REJECT,uniqueWords,1023,220,,,,
profession-origin,dentistry__from-belize,REJECT,uniqueWords,1023,220,,,,
profession-origin,dentistry__from-benin,REJECT,uniqueWords,1021,218,,,,
profession-origin,dentistry__from-bhutan,REJECT,uniqueWords,1023,220,,,,
profession-origin,dentistry__from-bolivia,REJECT,uniqueWords,1021,218,,,,
profession-origin,dentistry__from-bosnia-and-herzegovina,REJECT,uniqueWords,1031,228,,,,
profession-origin,dentistry__from-botswana,REJECT,uniqueWords,1029,226,,,,
profession-origin,dentistry__from-brazil,REJECT,uniqueWords,1021,218,,,,
profession-origin,dentistry__from-brunei,REJECT,uniqueWords,1029,226,,,,
profession-origin,dentistry__from-bulgaria,REJECT,uniqueWords,1023,220,,,,
profession-origin,dentistry__from-burkina-faso,REJECT,uniqueWords,1025,222,,,,
profession-origin,dentistry__from-burundi,REJECT,uniqueWords,1029,226,,,,
profession-origin,dentistry__from-cambodia,REJECT,uniqueWords,1021,218,,,,
profession-origin,dentistry__from-cameroon,REJECT,uniqueWords,1023,220,,,,
profession-origin,dentistry__from-cape-verde,REJECT,uniqueWords,1027,224,,,,
profession-origin,dentistry__from-central-african-republic,REJECT,uniqueWords,1037,234,,,,
profession-origin,dentistry__from-chad,REJECT,uniqueWords,1021,218,,,,
profession-origin,dentistry__from-chile,REJECT,uniqueWords,1029,226,,,,
profession-origin,dentistry__from-china,REJECT,uniqueWords,1023,220,,,,
profession-origin,dentistry__from-colombia,REJECT,uniqueWords,1021,218,,,,
profession-origin,dentistry__from-comoros,REJECT,uniqueWords,1021,218,,,,
profession-origin,dentistry__from-cook-islands,REJECT,uniqueWords,1033,230,,,,
profession-origin,dentistry__from-costa-rica,REJECT,uniqueWords,1027,224,,,,
profession-origin,dentistry__from-cote-divoire,REJECT,uniqueWords,1027,224,,,,
profession-origin,dentistry__from-croatia,REJECT,uniqueWords,1023,220,,,,
profession-origin,dentistry__from-cuba,REJECT,uniqueWords,1029,226,,,,
profession-origin,dentistry__from-cyprus,REJECT,uniqueWords,1023,220,,,,
profession-origin,dentistry__from-czechia,REJECT,uniqueWords,1023,220,,,,
profession-origin,dentistry__from-denmark,REJECT,uniqueWords,1023,220,,,,
profession-origin,dentistry__from-djibouti,REJECT,uniqueWords,1023,220,,,,
profession-origin,dentistry__from-dominica,REJECT,uniqueWords,1021,218,,,,
profession-origin,dentistry__from-dominican-republic,REJECT,uniqueWords,1027,224,,,,
profession-origin,dentistry__from-dr-congo,REJECT,uniqueWords,1027,224,,,,
profession-origin,dentistry__from-ecuador,REJECT,uniqueWords,1029,226,,,,
profession-origin,dentistry__from-egypt,REJECT,uniqueWords,1023,220,,,,
profession-origin,dentistry__from-el-salvador,REJECT,uniqueWords,1025,222,,,,
profession-origin,dentistry__from-equatorial-guinea,REJECT,uniqueWords,1027,224,,,,
profession-origin,dentistry__from-eritrea,REJECT,uniqueWords,1023,220,,,,
profession-origin,dentistry__from-estonia,REJECT,uniqueWords,1029,226,,,,
profession-origin,dentistry__from-eswatini,REJECT,uniqueWords,1021,218,,,,
profession-origin,dentistry__from-ethiopia,REJECT,uniqueWords,1029,226,,,,
profession-origin,dentistry__from-fiji,REJECT,uniqueWords,1023,220,,,,
profession-origin,dentistry__from-finland,REJECT,uniqueWords,1023,220,,,,
profession-origin,dentistry__from-france,REJECT,uniqueWords,1023,220,,,,
profession-origin,dentistry__from-gabon,REJECT,uniqueWords,1023,220,,,,
profession-origin,dentistry__from-gambia,REJECT,uniqueWords,1027,224,,,,
profession-origin,dentistry__from-georgia,REJECT,uniqueWords,1023,220,,,,
profession-origin,dentistry__from-germany,REJECT,uniqueWords,1023,220,,,,
profession-origin,dentistry__from-ghana,REJECT,uniqueWords,1023,220,,,,
profession-origin,dentistry__from-greece,REJECT,uniqueWords,1029,226,,,,
profession-origin,dentistry__from-grenada,REJECT,uniqueWords,1023,220,,,,
profession-origin,dentistry__from-guatemala,REJECT,uniqueWords,1029,226,,,,
profession-origin,dentistry__from-guinea-bissau,REJECT,uniqueWords,1029,226,,,,
profession-origin,dentistry__from-guinea,REJECT,uniqueWords,1023,220,,,,
profession-origin,dentistry__from-guyana,REJECT,uniqueWords,1029,226,,,,
profession-origin,dentistry__from-haiti,REJECT,uniqueWords,1029,226,,,,
profession-origin,dentistry__from-honduras,REJECT,uniqueWords,1021,218,,,,
profession-origin,dentistry__from-hong-kong,REJECT,uniqueWords,1027,224,,,,
profession-origin,dentistry__from-hungary,REJECT,uniqueWords,1023,220,,,,
profession-origin,dentistry__from-iceland,REJECT,uniqueWords,1023,220,,,,
profession-origin,dentistry__from-india,REJECT,uniqueWords,1023,220,,,,
profession-origin,dentistry__from-indonesia,REJECT,uniqueWords,1021,218,,,,
profession-origin,dentistry__from-iran,REJECT,uniqueWords,1023,220,,,,
profession-origin,dentistry__from-iraq,REJECT,uniqueWords,1029,226,,,,
profession-origin,dentistry__from-ireland,REJECT,uniqueWords,1023,220,,,,
profession-origin,dentistry__from-israel,REJECT,uniqueWords,1021,218,,,,
profession-origin,dentistry__from-italy,REJECT,uniqueWords,1023,220,,,,
profession-origin,dentistry__from-jamaica,REJECT,uniqueWords,1021,218,,,,
profession-origin,dentistry__from-japan,REJECT,uniqueWords,1023,220,,,,
profession-origin,dentistry__from-jordan,REJECT,uniqueWords,1021,218,,,,
profession-origin,dentistry__from-kazakhstan,REJECT,uniqueWords,1021,218,,,,
profession-origin,dentistry__from-kenya,REJECT,uniqueWords,1021,218,,,,
profession-origin,dentistry__from-kiribati,REJECT,uniqueWords,1029,226,,,,
profession-origin,dentistry__from-kosovo,REJECT,uniqueWords,1029,226,,,,
profession-origin,dentistry__from-kuwait,REJECT,uniqueWords,1023,220,,,,
profession-origin,dentistry__from-kyrgyzstan,REJECT,uniqueWords,1023,220,,,,
profession-origin,dentistry__from-laos,REJECT,uniqueWords,1029,226,,,,
profession-origin,dentistry__from-latvia,REJECT,uniqueWords,1023,220,,,,
profession-origin,dentistry__from-lebanon,REJECT,uniqueWords,1029,226,,,,
profession-origin,dentistry__from-lesotho,REJECT,uniqueWords,1023,220,,,,
profession-origin,dentistry__from-liberia,REJECT,uniqueWords,1023,220,,,,
profession-origin,dentistry__from-libya,REJECT,uniqueWords,1029,226,,,,
profession-origin,dentistry__from-liechtenstein,REJECT,uniqueWords,1029,226,,,,
profession-origin,dentistry__from-lithuania,REJECT,uniqueWords,1029,226,,,,
profession-origin,dentistry__from-luxembourg,REJECT,uniqueWords,1023,220,,,,
profession-origin,dentistry__from-madagascar,REJECT,uniqueWords,1021,218,,,,
profession-origin,dentistry__from-malawi,REJECT,uniqueWords,1023,220,,,,
profession-origin,dentistry__from-malaysia,REJECT,uniqueWords,1023,220,,,,
profession-origin,dentistry__from-maldives,REJECT,uniqueWords,1023,220,,,,
profession-origin,dentistry__from-mali,REJECT,uniqueWords,1029,226,,,,
profession-origin,dentistry__from-malta,REJECT,uniqueWords,1029,226,,,,
profession-origin,dentistry__from-marshall-islands,REJECT,uniqueWords,1027,224,,,,
profession-origin,dentistry__from-mauritania,REJECT,uniqueWords,1029,226,,,,
profession-origin,dentistry__from-mauritius,REJECT,uniqueWords,1023,220,,,,
profession-origin,dentistry__from-mexico,REJECT,uniqueWords,1029,226,,,,
profession-origin,dentistry__from-micronesia,REJECT,uniqueWords,1021,218,,,,
profession-origin,dentistry__from-moldova,REJECT,uniqueWords,1021,218,,,,
profession-origin,dentistry__from-monaco,REJECT,uniqueWords,1029,226,,,,
profession-origin,dentistry__from-mongolia,REJECT,uniqueWords,1021,218,,,,
profession-origin,dentistry__from-montenegro,REJECT,uniqueWords,1021,218,,,,
profession-origin,dentistry__from-morocco,REJECT,uniqueWords,1021,218,,,,
profession-origin,dentistry__from-mozambique,REJECT,uniqueWords,1023,220,,,,
profession-origin,dentistry__from-myanmar,REJECT,uniqueWords,1029,226,,,,
profession-origin,dentistry__from-namibia,REJECT,uniqueWords,1023,220,,,,
profession-origin,dentistry__from-nauru,REJECT,uniqueWords,1029,226,,,,
profession-origin,dentistry__from-nepal,REJECT,uniqueWords,1021,218,,,,
profession-origin,dentistry__from-netherlands,REJECT,uniqueWords,1021,218,,,,
profession-origin,dentistry__from-nicaragua,REJECT,uniqueWords,1023,220,,,,
profession-origin,dentistry__from-niger,REJECT,uniqueWords,1029,226,,,,
profession-origin,dentistry__from-nigeria,REJECT,uniqueWords,1029,226,,,,
profession-origin,dentistry__from-north-macedonia,REJECT,uniqueWords,1033,230,,,,
profession-origin,dentistry__from-norway,REJECT,uniqueWords,1023,220,,,,
profession-origin,dentistry__from-oman,REJECT,uniqueWords,1023,220,,,,
profession-origin,dentistry__from-pakistan,REJECT,uniqueWords,1029,226,,,,
profession-origin,dentistry__from-palau,REJECT,uniqueWords,1023,220,,,,
profession-origin,dentistry__from-palestine,REJECT,uniqueWords,1029,226,,,,
profession-origin,dentistry__from-panama,REJECT,uniqueWords,1021,218,,,,
profession-origin,dentistry__from-papua-new-guinea,REJECT,uniqueWords,1031,228,,,,
profession-origin,dentistry__from-paraguay,REJECT,uniqueWords,1023,220,,,,
profession-origin,dentistry__from-peru,REJECT,uniqueWords,1021,218,,,,
profession-origin,dentistry__from-philippines,REJECT,uniqueWords,1029,226,,,,
profession-origin,dentistry__from-poland,REJECT,uniqueWords,1023,220,,,,
profession-origin,dentistry__from-portugal,REJECT,uniqueWords,1023,220,,,,
profession-origin,dentistry__from-qatar,REJECT,uniqueWords,1029,226,,,,
profession-origin,dentistry__from-republic-of-congo,REJECT,uniqueWords,1037,234,,,,
profession-origin,dentistry__from-romania,REJECT,uniqueWords,1029,226,,,,
profession-origin,dentistry__from-russia,REJECT,uniqueWords,1023,220,,,,
profession-origin,dentistry__from-rwanda,REJECT,uniqueWords,1023,220,,,,
profession-origin,dentistry__from-saint-kitts-and-nevis,REJECT,uniqueWords,1035,232,,,,
profession-origin,dentistry__from-saint-lucia,REJECT,uniqueWords,1027,224,,,,
profession-origin,dentistry__from-saint-vincent-and-the-grenadines,REJECT,uniqueWords,1039,236,,,,
profession-origin,dentistry__from-samoa,REJECT,uniqueWords,1029,226,,,,
profession-origin,dentistry__from-san-marino,REJECT,uniqueWords,1033,230,,,,
profession-origin,dentistry__from-sao-tome-and-principe,REJECT,uniqueWords,1035,232,,,,
profession-origin,dentistry__from-saudi-arabia,REJECT,uniqueWords,1027,224,,,,
profession-origin,dentistry__from-senegal,REJECT,uniqueWords,1029,226,,,,
profession-origin,dentistry__from-serbia,REJECT,uniqueWords,1023,220,,,,
profession-origin,dentistry__from-seychelles,REJECT,uniqueWords,1023,220,,,,
profession-origin,dentistry__from-sierra-leone,REJECT,uniqueWords,1027,224,,,,
profession-origin,dentistry__from-singapore,REJECT,uniqueWords,1021,218,,,,
profession-origin,dentistry__from-slovakia,REJECT,uniqueWords,1023,220,,,,
profession-origin,dentistry__from-slovenia,REJECT,uniqueWords,1029,226,,,,
profession-origin,dentistry__from-solomon-islands,REJECT,uniqueWords,1027,224,,,,
profession-origin,dentistry__from-somalia,REJECT,uniqueWords,1021,218,,,,
profession-origin,dentistry__from-south-africa,REJECT,uniqueWords,1027,224,,,,
profession-origin,dentistry__from-south-korea,REJECT,uniqueWords,1027,224,,,,
profession-origin,dentistry__from-south-sudan,REJECT,uniqueWords,1027,224,,,,
profession-origin,dentistry__from-spain,REJECT,uniqueWords,1029,226,,,,
profession-origin,dentistry__from-sri-lanka,REJECT,uniqueWords,1025,222,,,,
profession-origin,dentistry__from-sudan,REJECT,uniqueWords,1023,220,,,,
profession-origin,dentistry__from-suriname,REJECT,uniqueWords,1021,218,,,,
profession-origin,dentistry__from-sweden,REJECT,uniqueWords,1021,218,,,,
profession-origin,dentistry__from-switzerland,REJECT,uniqueWords,1023,220,,,,
profession-origin,dentistry__from-syria,REJECT,uniqueWords,1021,218,,,,
profession-origin,dentistry__from-taiwan,REJECT,uniqueWords,1021,218,,,,
profession-origin,dentistry__from-tajikistan,REJECT,uniqueWords,1021,218,,,,
profession-origin,dentistry__from-tanzania,REJECT,uniqueWords,1023,220,,,,
profession-origin,dentistry__from-thailand,REJECT,uniqueWords,1023,220,,,,
profession-origin,dentistry__from-timor-leste,REJECT,uniqueWords,1029,226,,,,
profession-origin,dentistry__from-togo,REJECT,uniqueWords,1023,220,,,,
profession-origin,dentistry__from-tonga,REJECT,uniqueWords,1029,226,,,,
profession-origin,dentistry__from-trinidad-and-tobago,REJECT,uniqueWords,1029,226,,,,
profession-origin,dentistry__from-tunisia,REJECT,uniqueWords,1023,220,,,,
profession-origin,dentistry__from-turkiye,REJECT,uniqueWords,1023,220,,,,
profession-origin,dentistry__from-turkmenistan,REJECT,uniqueWords,1023,220,,,,
profession-origin,dentistry__from-tuvalu,REJECT,uniqueWords,1029,226,,,,
profession-origin,dentistry__from-uganda,REJECT,uniqueWords,1021,218,,,,
profession-origin,dentistry__from-ukraine,REJECT,uniqueWords,1023,220,,,,
profession-origin,dentistry__from-uruguay,REJECT,uniqueWords,1023,220,,,,
profession-origin,dentistry__from-uzbekistan,REJECT,uniqueWords,1021,218,,,,
profession-origin,dentistry__from-vanuatu,REJECT,uniqueWords,1021,218,,,,
profession-origin,dentistry__from-venezuela,REJECT,uniqueWords,1029,226,,,,
profession-origin,dentistry__from-vietnam,REJECT,uniqueWords,1021,218,,,,
profession-origin,dentistry__from-yemen,REJECT,uniqueWords,1023,220,,,,
profession-origin,dentistry__from-zambia,REJECT,uniqueWords,1021,218,,,,
profession-origin,dentistry__from-zimbabwe,REJECT,uniqueWords,1023,220,,,,
profession-origin,dietetics__from-afghanistan,REJECT,uniqueWords,917,114,,,,
profession-origin,dietetics__from-albania,REJECT,uniqueWords,917,114,,,,
profession-origin,dietetics__from-algeria,REJECT,uniqueWords,925,122,,,,
profession-origin,dietetics__from-andorra,REJECT,uniqueWords,925,122,,,,
profession-origin,dietetics__from-angola,REJECT,uniqueWords,919,116,,,,
profession-origin,dietetics__from-antigua-and-barbuda,REJECT,uniqueWords,933,130,,,,
profession-origin,dietetics__from-argentina,REJECT,uniqueWords,919,116,,,,
profession-origin,dietetics__from-armenia,REJECT,uniqueWords,925,122,,,,
profession-origin,dietetics__from-austria,REJECT,uniqueWords,925,122,,,,
profession-origin,dietetics__from-azerbaijan,REJECT,uniqueWords,919,116,,,,
profession-origin,dietetics__from-bahamas,REJECT,uniqueWords,923,120,,,,
profession-origin,dietetics__from-bahrain,REJECT,uniqueWords,925,122,,,,
profession-origin,dietetics__from-bangladesh,REJECT,uniqueWords,919,116,,,,
profession-origin,dietetics__from-barbados,REJECT,uniqueWords,919,116,,,,
profession-origin,dietetics__from-belarus,REJECT,uniqueWords,917,114,,,,
profession-origin,dietetics__from-belgium,REJECT,uniqueWords,919,116,,,,
profession-origin,dietetics__from-belize,REJECT,uniqueWords,919,116,,,,
profession-origin,dietetics__from-benin,REJECT,uniqueWords,917,114,,,,
profession-origin,dietetics__from-bhutan,REJECT,uniqueWords,919,116,,,,
profession-origin,dietetics__from-bolivia,REJECT,uniqueWords,917,114,,,,
profession-origin,dietetics__from-bosnia-and-herzegovina,REJECT,uniqueWords,927,124,,,,
profession-origin,dietetics__from-botswana,REJECT,uniqueWords,925,122,,,,
profession-origin,dietetics__from-brazil,REJECT,uniqueWords,917,114,,,,
profession-origin,dietetics__from-brunei,REJECT,uniqueWords,925,122,,,,
profession-origin,dietetics__from-bulgaria,REJECT,uniqueWords,919,116,,,,
profession-origin,dietetics__from-burkina-faso,REJECT,uniqueWords,921,118,,,,
profession-origin,dietetics__from-burundi,REJECT,uniqueWords,925,122,,,,
profession-origin,dietetics__from-cambodia,REJECT,uniqueWords,917,114,,,,
profession-origin,dietetics__from-cameroon,REJECT,uniqueWords,919,116,,,,
profession-origin,dietetics__from-cape-verde,REJECT,uniqueWords,923,120,,,,
profession-origin,dietetics__from-central-african-republic,REJECT,uniqueWords,933,130,,,,
profession-origin,dietetics__from-chad,REJECT,uniqueWords,917,114,,,,
profession-origin,dietetics__from-chile,REJECT,uniqueWords,925,122,,,,
profession-origin,dietetics__from-china,REJECT,uniqueWords,919,116,,,,
profession-origin,dietetics__from-colombia,REJECT,uniqueWords,917,114,,,,
profession-origin,dietetics__from-comoros,REJECT,uniqueWords,917,114,,,,
profession-origin,dietetics__from-cook-islands,REJECT,uniqueWords,929,126,,,,
profession-origin,dietetics__from-costa-rica,REJECT,uniqueWords,923,120,,,,
profession-origin,dietetics__from-cote-divoire,REJECT,uniqueWords,923,120,,,,
profession-origin,dietetics__from-croatia,REJECT,uniqueWords,919,116,,,,
profession-origin,dietetics__from-cuba,REJECT,uniqueWords,925,122,,,,
profession-origin,dietetics__from-cyprus,REJECT,uniqueWords,919,116,,,,
profession-origin,dietetics__from-czechia,REJECT,uniqueWords,919,116,,,,
profession-origin,dietetics__from-denmark,REJECT,uniqueWords,919,116,,,,
profession-origin,dietetics__from-djibouti,REJECT,uniqueWords,919,116,,,,
profession-origin,dietetics__from-dominica,REJECT,uniqueWords,917,114,,,,
profession-origin,dietetics__from-dominican-republic,REJECT,uniqueWords,923,120,,,,
profession-origin,dietetics__from-dr-congo,REJECT,uniqueWords,923,120,,,,
profession-origin,dietetics__from-ecuador,REJECT,uniqueWords,925,122,,,,
profession-origin,dietetics__from-egypt,REJECT,uniqueWords,919,116,,,,
profession-origin,dietetics__from-el-salvador,REJECT,uniqueWords,921,118,,,,
profession-origin,dietetics__from-equatorial-guinea,REJECT,uniqueWords,923,120,,,,
profession-origin,dietetics__from-eritrea,REJECT,uniqueWords,919,116,,,,
profession-origin,dietetics__from-estonia,REJECT,uniqueWords,925,122,,,,
profession-origin,dietetics__from-eswatini,REJECT,uniqueWords,917,114,,,,
profession-origin,dietetics__from-ethiopia,REJECT,uniqueWords,925,122,,,,
profession-origin,dietetics__from-fiji,REJECT,uniqueWords,919,116,,,,
profession-origin,dietetics__from-finland,REJECT,uniqueWords,919,116,,,,
profession-origin,dietetics__from-france,REJECT,uniqueWords,919,116,,,,
profession-origin,dietetics__from-gabon,REJECT,uniqueWords,919,116,,,,
profession-origin,dietetics__from-gambia,REJECT,uniqueWords,923,120,,,,
profession-origin,dietetics__from-georgia,REJECT,uniqueWords,919,116,,,,
profession-origin,dietetics__from-germany,REJECT,uniqueWords,919,116,,,,
profession-origin,dietetics__from-ghana,REJECT,uniqueWords,919,116,,,,
profession-origin,dietetics__from-greece,REJECT,uniqueWords,925,122,,,,
profession-origin,dietetics__from-grenada,REJECT,uniqueWords,919,116,,,,
profession-origin,dietetics__from-guatemala,REJECT,uniqueWords,925,122,,,,
profession-origin,dietetics__from-guinea-bissau,REJECT,uniqueWords,925,122,,,,
profession-origin,dietetics__from-guinea,REJECT,uniqueWords,919,116,,,,
profession-origin,dietetics__from-guyana,REJECT,uniqueWords,925,122,,,,
profession-origin,dietetics__from-haiti,REJECT,uniqueWords,925,122,,,,
profession-origin,dietetics__from-honduras,REJECT,uniqueWords,917,114,,,,
profession-origin,dietetics__from-hong-kong,REJECT,uniqueWords,923,120,,,,
profession-origin,dietetics__from-hungary,REJECT,uniqueWords,919,116,,,,
profession-origin,dietetics__from-iceland,REJECT,uniqueWords,919,116,,,,
profession-origin,dietetics__from-india,REJECT,uniqueWords,919,116,,,,
profession-origin,dietetics__from-indonesia,REJECT,uniqueWords,917,114,,,,
profession-origin,dietetics__from-iran,REJECT,uniqueWords,919,116,,,,
profession-origin,dietetics__from-iraq,REJECT,uniqueWords,925,122,,,,
profession-origin,dietetics__from-ireland,REJECT,uniqueWords,919,116,,,,
profession-origin,dietetics__from-israel,REJECT,uniqueWords,917,114,,,,
profession-origin,dietetics__from-italy,REJECT,uniqueWords,919,116,,,,
profession-origin,dietetics__from-jamaica,REJECT,uniqueWords,917,114,,,,
profession-origin,dietetics__from-japan,REJECT,uniqueWords,919,116,,,,
profession-origin,dietetics__from-jordan,REJECT,uniqueWords,917,114,,,,
profession-origin,dietetics__from-kazakhstan,REJECT,uniqueWords,917,114,,,,
profession-origin,dietetics__from-kenya,REJECT,uniqueWords,917,114,,,,
profession-origin,dietetics__from-kiribati,REJECT,uniqueWords,925,122,,,,
profession-origin,dietetics__from-kosovo,REJECT,uniqueWords,925,122,,,,
profession-origin,dietetics__from-kuwait,REJECT,uniqueWords,919,116,,,,
profession-origin,dietetics__from-kyrgyzstan,REJECT,uniqueWords,919,116,,,,
profession-origin,dietetics__from-laos,REJECT,uniqueWords,925,122,,,,
profession-origin,dietetics__from-latvia,REJECT,uniqueWords,919,116,,,,
profession-origin,dietetics__from-lebanon,REJECT,uniqueWords,925,122,,,,
profession-origin,dietetics__from-lesotho,REJECT,uniqueWords,919,116,,,,
profession-origin,dietetics__from-liberia,REJECT,uniqueWords,919,116,,,,
profession-origin,dietetics__from-libya,REJECT,uniqueWords,925,122,,,,
profession-origin,dietetics__from-liechtenstein,REJECT,uniqueWords,925,122,,,,
profession-origin,dietetics__from-lithuania,REJECT,uniqueWords,925,122,,,,
profession-origin,dietetics__from-luxembourg,REJECT,uniqueWords,919,116,,,,
profession-origin,dietetics__from-madagascar,REJECT,uniqueWords,917,114,,,,
profession-origin,dietetics__from-malawi,REJECT,uniqueWords,919,116,,,,
profession-origin,dietetics__from-malaysia,REJECT,uniqueWords,919,116,,,,
profession-origin,dietetics__from-maldives,REJECT,uniqueWords,919,116,,,,
profession-origin,dietetics__from-mali,REJECT,uniqueWords,925,122,,,,
profession-origin,dietetics__from-malta,REJECT,uniqueWords,925,122,,,,
profession-origin,dietetics__from-marshall-islands,REJECT,uniqueWords,923,120,,,,
profession-origin,dietetics__from-mauritania,REJECT,uniqueWords,925,122,,,,
profession-origin,dietetics__from-mauritius,REJECT,uniqueWords,919,116,,,,
profession-origin,dietetics__from-mexico,REJECT,uniqueWords,925,122,,,,
profession-origin,dietetics__from-micronesia,REJECT,uniqueWords,917,114,,,,
profession-origin,dietetics__from-moldova,REJECT,uniqueWords,917,114,,,,
profession-origin,dietetics__from-monaco,REJECT,uniqueWords,925,122,,,,
profession-origin,dietetics__from-mongolia,REJECT,uniqueWords,917,114,,,,
profession-origin,dietetics__from-montenegro,REJECT,uniqueWords,917,114,,,,
profession-origin,dietetics__from-morocco,REJECT,uniqueWords,917,114,,,,
profession-origin,dietetics__from-mozambique,REJECT,uniqueWords,919,116,,,,
profession-origin,dietetics__from-myanmar,REJECT,uniqueWords,925,122,,,,
profession-origin,dietetics__from-namibia,REJECT,uniqueWords,919,116,,,,
profession-origin,dietetics__from-nauru,REJECT,uniqueWords,925,122,,,,
profession-origin,dietetics__from-nepal,REJECT,uniqueWords,917,114,,,,
profession-origin,dietetics__from-netherlands,REJECT,uniqueWords,917,114,,,,
profession-origin,dietetics__from-nicaragua,REJECT,uniqueWords,919,116,,,,
profession-origin,dietetics__from-niger,REJECT,uniqueWords,925,122,,,,
profession-origin,dietetics__from-nigeria,REJECT,uniqueWords,925,122,,,,
profession-origin,dietetics__from-north-macedonia,REJECT,uniqueWords,929,126,,,,
profession-origin,dietetics__from-norway,REJECT,uniqueWords,919,116,,,,
profession-origin,dietetics__from-oman,REJECT,uniqueWords,919,116,,,,
profession-origin,dietetics__from-pakistan,REJECT,uniqueWords,925,122,,,,
profession-origin,dietetics__from-palau,REJECT,uniqueWords,919,116,,,,
profession-origin,dietetics__from-palestine,REJECT,uniqueWords,925,122,,,,
profession-origin,dietetics__from-panama,REJECT,uniqueWords,917,114,,,,
profession-origin,dietetics__from-papua-new-guinea,REJECT,uniqueWords,927,124,,,,
profession-origin,dietetics__from-paraguay,REJECT,uniqueWords,919,116,,,,
profession-origin,dietetics__from-peru,REJECT,uniqueWords,917,114,,,,
profession-origin,dietetics__from-philippines,REJECT,uniqueWords,925,122,,,,
profession-origin,dietetics__from-poland,REJECT,uniqueWords,919,116,,,,
profession-origin,dietetics__from-portugal,REJECT,uniqueWords,919,116,,,,
profession-origin,dietetics__from-qatar,REJECT,uniqueWords,925,122,,,,
profession-origin,dietetics__from-republic-of-congo,REJECT,uniqueWords,933,130,,,,
profession-origin,dietetics__from-romania,REJECT,uniqueWords,925,122,,,,
profession-origin,dietetics__from-russia,REJECT,uniqueWords,919,116,,,,
profession-origin,dietetics__from-rwanda,REJECT,uniqueWords,919,116,,,,
profession-origin,dietetics__from-saint-kitts-and-nevis,REJECT,uniqueWords,931,128,,,,
profession-origin,dietetics__from-saint-lucia,REJECT,uniqueWords,923,120,,,,
profession-origin,dietetics__from-saint-vincent-and-the-grenadines,REJECT,uniqueWords,935,132,,,,
profession-origin,dietetics__from-samoa,REJECT,uniqueWords,925,122,,,,
profession-origin,dietetics__from-san-marino,REJECT,uniqueWords,929,126,,,,
profession-origin,dietetics__from-sao-tome-and-principe,REJECT,uniqueWords,931,128,,,,
profession-origin,dietetics__from-saudi-arabia,REJECT,uniqueWords,923,120,,,,
profession-origin,dietetics__from-senegal,REJECT,uniqueWords,925,122,,,,
profession-origin,dietetics__from-serbia,REJECT,uniqueWords,919,116,,,,
profession-origin,dietetics__from-seychelles,REJECT,uniqueWords,919,116,,,,
profession-origin,dietetics__from-sierra-leone,REJECT,uniqueWords,923,120,,,,
profession-origin,dietetics__from-singapore,REJECT,uniqueWords,917,114,,,,
profession-origin,dietetics__from-slovakia,REJECT,uniqueWords,919,116,,,,
profession-origin,dietetics__from-slovenia,REJECT,uniqueWords,925,122,,,,
profession-origin,dietetics__from-solomon-islands,REJECT,uniqueWords,923,120,,,,
profession-origin,dietetics__from-somalia,REJECT,uniqueWords,917,114,,,,
profession-origin,dietetics__from-south-africa,REJECT,uniqueWords,923,120,,,,
profession-origin,dietetics__from-south-korea,REJECT,uniqueWords,923,120,,,,
profession-origin,dietetics__from-south-sudan,REJECT,uniqueWords,923,120,,,,
profession-origin,dietetics__from-spain,REJECT,uniqueWords,925,122,,,,
profession-origin,dietetics__from-sri-lanka,REJECT,uniqueWords,921,118,,,,
profession-origin,dietetics__from-sudan,REJECT,uniqueWords,919,116,,,,
profession-origin,dietetics__from-suriname,REJECT,uniqueWords,917,114,,,,
profession-origin,dietetics__from-sweden,REJECT,uniqueWords,917,114,,,,
profession-origin,dietetics__from-switzerland,REJECT,uniqueWords,919,116,,,,
profession-origin,dietetics__from-syria,REJECT,uniqueWords,917,114,,,,
profession-origin,dietetics__from-taiwan,REJECT,uniqueWords,917,114,,,,
profession-origin,dietetics__from-tajikistan,REJECT,uniqueWords,917,114,,,,
profession-origin,dietetics__from-tanzania,REJECT,uniqueWords,919,116,,,,
profession-origin,dietetics__from-thailand,REJECT,uniqueWords,919,116,,,,
profession-origin,dietetics__from-timor-leste,REJECT,uniqueWords,925,122,,,,
profession-origin,dietetics__from-togo,REJECT,uniqueWords,919,116,,,,
profession-origin,dietetics__from-tonga,REJECT,uniqueWords,925,122,,,,
profession-origin,dietetics__from-trinidad-and-tobago,REJECT,uniqueWords,925,122,,,,
profession-origin,dietetics__from-tunisia,REJECT,uniqueWords,919,116,,,,
profession-origin,dietetics__from-turkiye,REJECT,uniqueWords,919,116,,,,
profession-origin,dietetics__from-turkmenistan,REJECT,uniqueWords,919,116,,,,
profession-origin,dietetics__from-tuvalu,REJECT,uniqueWords,925,122,,,,
profession-origin,dietetics__from-uganda,REJECT,uniqueWords,917,114,,,,
profession-origin,dietetics__from-ukraine,REJECT,uniqueWords,919,116,,,,
profession-origin,dietetics__from-uruguay,REJECT,uniqueWords,919,116,,,,
profession-origin,dietetics__from-uzbekistan,REJECT,uniqueWords,917,114,,,,
profession-origin,dietetics__from-vanuatu,REJECT,uniqueWords,917,114,,,,
profession-origin,dietetics__from-venezuela,REJECT,uniqueWords,925,122,,,,
profession-origin,dietetics__from-vietnam,REJECT,uniqueWords,917,114,,,,
profession-origin,dietetics__from-yemen,REJECT,uniqueWords,919,116,,,,
profession-origin,dietetics__from-zambia,REJECT,uniqueWords,917,114,,,,
profession-origin,dietetics__from-zimbabwe,REJECT,uniqueWords,919,116,,,,
profession-origin,medicine__from-afghanistan,REJECT,facts,2147,1344,0,,,
profession-origin,medicine__from-albania,REJECT,facts,2147,1344,0,,,
profession-origin,medicine__from-algeria,REJECT,facts,2155,1352,0,,,
profession-origin,medicine__from-andorra,REJECT,facts,2155,1352,0,,,
profession-origin,medicine__from-angola,REJECT,facts,2149,1346,0,,,
profession-origin,medicine__from-antigua-and-barbuda,REJECT,facts,2163,1360,0,,,
profession-origin,medicine__from-argentina,REJECT,facts,2149,1346,0,,,
profession-origin,medicine__from-armenia,REJECT,facts,2155,1352,0,,,
profession-origin,medicine__from-austria,REJECT,facts,2155,1352,0,,,
profession-origin,medicine__from-azerbaijan,REJECT,facts,2149,1346,0,,,
profession-origin,medicine__from-bahamas,REJECT,facts,2153,1350,0,,,
profession-origin,medicine__from-bahrain,REJECT,facts,2155,1352,0,,,
profession-origin,medicine__from-bangladesh,REJECT,facts,2149,1346,0,,,
profession-origin,medicine__from-barbados,REJECT,facts,2149,1346,0,,,
profession-origin,medicine__from-belarus,REJECT,facts,2147,1344,0,,,
profession-origin,medicine__from-belgium,REJECT,facts,2149,1346,0,,,
profession-origin,medicine__from-belize,REJECT,facts,2149,1346,0,,,
profession-origin,medicine__from-benin,REJECT,facts,2147,1344,0,,,
profession-origin,medicine__from-bhutan,REJECT,facts,2149,1346,0,,,
profession-origin,medicine__from-bolivia,REJECT,facts,2147,1344,0,,,
profession-origin,medicine__from-bosnia-and-herzegovina,REJECT,facts,2157,1354,0,,,
profession-origin,medicine__from-botswana,REJECT,facts,2155,1352,0,,,
profession-origin,medicine__from-brazil,REJECT,facts,2147,1344,0,,,
profession-origin,medicine__from-brunei,REJECT,facts,2155,1352,0,,,
profession-origin,medicine__from-bulgaria,REJECT,facts,2149,1346,0,,,
profession-origin,medicine__from-burkina-faso,REJECT,facts,2151,1348,0,,,
profession-origin,medicine__from-burundi,REJECT,facts,2155,1352,0,,,
profession-origin,medicine__from-cambodia,REJECT,facts,2147,1344,0,,,
profession-origin,medicine__from-cameroon,REJECT,facts,2149,1346,0,,,
profession-origin,medicine__from-cape-verde,REJECT,facts,2153,1350,0,,,
profession-origin,medicine__from-central-african-republic,REJECT,facts,2163,1360,0,,,
profession-origin,medicine__from-chad,REJECT,facts,2147,1344,0,,,
profession-origin,medicine__from-chile,REJECT,facts,2155,1352,0,,,
profession-origin,medicine__from-china,REJECT,facts,2149,1346,0,,,
profession-origin,medicine__from-colombia,REJECT,facts,2147,1344,0,,,
profession-origin,medicine__from-comoros,REJECT,facts,2147,1344,0,,,
profession-origin,medicine__from-cook-islands,REJECT,facts,2159,1356,0,,,
profession-origin,medicine__from-costa-rica,REJECT,facts,2153,1350,0,,,
profession-origin,medicine__from-cote-divoire,REJECT,facts,2153,1350,0,,,
profession-origin,medicine__from-croatia,REJECT,facts,2149,1346,0,,,
profession-origin,medicine__from-cuba,REJECT,facts,2155,1352,0,,,
profession-origin,medicine__from-cyprus,REJECT,facts,2149,1346,0,,,
profession-origin,medicine__from-czechia,REJECT,facts,2149,1346,0,,,
profession-origin,medicine__from-denmark,REJECT,facts,2149,1346,0,,,
profession-origin,medicine__from-djibouti,REJECT,facts,2149,1346,0,,,
profession-origin,medicine__from-dominica,REJECT,facts,2147,1344,0,,,
profession-origin,medicine__from-dominican-republic,REJECT,facts,2153,1350,0,,,
profession-origin,medicine__from-dr-congo,REJECT,facts,2153,1350,0,,,
profession-origin,medicine__from-ecuador,REJECT,facts,2155,1352,0,,,
profession-origin,medicine__from-egypt,REJECT,facts,2149,1346,0,,,
profession-origin,medicine__from-el-salvador,REJECT,facts,2151,1348,0,,,
profession-origin,medicine__from-equatorial-guinea,REJECT,facts,2153,1350,0,,,
profession-origin,medicine__from-eritrea,REJECT,facts,2149,1346,0,,,
profession-origin,medicine__from-estonia,REJECT,facts,2155,1352,0,,,
profession-origin,medicine__from-eswatini,REJECT,facts,2147,1344,0,,,
profession-origin,medicine__from-ethiopia,REJECT,facts,2155,1352,0,,,
profession-origin,medicine__from-fiji,REJECT,facts,2149,1346,0,,,
profession-origin,medicine__from-finland,REJECT,facts,2149,1346,0,,,
profession-origin,medicine__from-france,REJECT,facts,2149,1346,0,,,
profession-origin,medicine__from-gabon,REJECT,facts,2149,1346,0,,,
profession-origin,medicine__from-gambia,REJECT,facts,2153,1350,0,,,
profession-origin,medicine__from-georgia,REJECT,facts,2149,1346,0,,,
profession-origin,medicine__from-germany,REJECT,facts,2149,1346,0,,,
profession-origin,medicine__from-ghana,REJECT,facts,2149,1346,0,,,
profession-origin,medicine__from-greece,REJECT,facts,2155,1352,0,,,
profession-origin,medicine__from-grenada,REJECT,facts,2149,1346,0,,,
profession-origin,medicine__from-guatemala,REJECT,facts,2155,1352,0,,,
profession-origin,medicine__from-guinea-bissau,REJECT,facts,2155,1352,0,,,
profession-origin,medicine__from-guinea,REJECT,facts,2149,1346,0,,,
profession-origin,medicine__from-guyana,REJECT,facts,2155,1352,0,,,
profession-origin,medicine__from-haiti,REJECT,facts,2155,1352,0,,,
profession-origin,medicine__from-honduras,REJECT,facts,2147,1344,0,,,
profession-origin,medicine__from-hong-kong,REJECT,facts,2153,1350,0,,,
profession-origin,medicine__from-hungary,REJECT,facts,2149,1346,0,,,
profession-origin,medicine__from-iceland,REJECT,facts,2149,1346,0,,,
profession-origin,medicine__from-india,REJECT,facts,2149,1346,0,,,
profession-origin,medicine__from-indonesia,REJECT,facts,2147,1344,0,,,
profession-origin,medicine__from-iran,REJECT,facts,2149,1346,0,,,
profession-origin,medicine__from-iraq,REJECT,facts,2155,1352,0,,,
profession-origin,medicine__from-ireland,REJECT,facts,2149,1346,0,,,
profession-origin,medicine__from-israel,REJECT,facts,2147,1344,0,,,
profession-origin,medicine__from-italy,REJECT,facts,2149,1346,0,,,
profession-origin,medicine__from-jamaica,REJECT,facts,2147,1344,0,,,
profession-origin,medicine__from-japan,REJECT,facts,2149,1346,0,,,
profession-origin,medicine__from-jordan,REJECT,facts,2147,1344,0,,,
profession-origin,medicine__from-kazakhstan,REJECT,facts,2147,1344,0,,,
profession-origin,medicine__from-kenya,REJECT,facts,2147,1344,0,,,
profession-origin,medicine__from-kiribati,REJECT,facts,2155,1352,0,,,
profession-origin,medicine__from-kosovo,REJECT,facts,2155,1352,0,,,
profession-origin,medicine__from-kuwait,REJECT,facts,2149,1346,0,,,
profession-origin,medicine__from-kyrgyzstan,REJECT,facts,2149,1346,0,,,
profession-origin,medicine__from-laos,REJECT,facts,2155,1352,0,,,
profession-origin,medicine__from-latvia,REJECT,facts,2149,1346,0,,,
profession-origin,medicine__from-lebanon,REJECT,facts,2155,1352,0,,,
profession-origin,medicine__from-lesotho,REJECT,facts,2149,1346,0,,,
profession-origin,medicine__from-liberia,REJECT,facts,2149,1346,0,,,
profession-origin,medicine__from-libya,REJECT,facts,2155,1352,0,,,
profession-origin,medicine__from-liechtenstein,REJECT,facts,2155,1352,0,,,
profession-origin,medicine__from-lithuania,REJECT,facts,2155,1352,0,,,
profession-origin,medicine__from-luxembourg,REJECT,facts,2149,1346,0,,,
profession-origin,medicine__from-madagascar,REJECT,facts,2147,1344,0,,,
profession-origin,medicine__from-malawi,REJECT,facts,2149,1346,0,,,
profession-origin,medicine__from-malaysia,REJECT,facts,2149,1346,0,,,
profession-origin,medicine__from-maldives,REJECT,facts,2149,1346,0,,,
profession-origin,medicine__from-mali,REJECT,facts,2155,1352,0,,,
profession-origin,medicine__from-malta,REJECT,facts,2155,1352,0,,,
profession-origin,medicine__from-marshall-islands,REJECT,facts,2153,1350,0,,,
profession-origin,medicine__from-mauritania,REJECT,facts,2155,1352,0,,,
profession-origin,medicine__from-mauritius,REJECT,facts,2149,1346,0,,,
profession-origin,medicine__from-mexico,REJECT,facts,2155,1352,0,,,
profession-origin,medicine__from-micronesia,REJECT,facts,2147,1344,0,,,
profession-origin,medicine__from-moldova,REJECT,facts,2147,1344,0,,,
profession-origin,medicine__from-monaco,REJECT,facts,2155,1352,0,,,
profession-origin,medicine__from-mongolia,REJECT,facts,2147,1344,0,,,
profession-origin,medicine__from-montenegro,REJECT,facts,2147,1344,0,,,
profession-origin,medicine__from-morocco,REJECT,facts,2147,1344,0,,,
profession-origin,medicine__from-mozambique,REJECT,facts,2149,1346,0,,,
profession-origin,medicine__from-myanmar,REJECT,facts,2155,1352,0,,,
profession-origin,medicine__from-namibia,REJECT,facts,2149,1346,0,,,
profession-origin,medicine__from-nauru,REJECT,facts,2155,1352,0,,,
profession-origin,medicine__from-nepal,REJECT,facts,2147,1344,0,,,
profession-origin,medicine__from-netherlands,REJECT,facts,2147,1344,0,,,
profession-origin,medicine__from-nicaragua,REJECT,facts,2149,1346,0,,,
profession-origin,medicine__from-niger,REJECT,facts,2155,1352,0,,,
profession-origin,medicine__from-nigeria,REJECT,facts,2155,1352,0,,,
profession-origin,medicine__from-north-macedonia,REJECT,facts,2159,1356,0,,,
profession-origin,medicine__from-norway,REJECT,facts,2149,1346,0,,,
profession-origin,medicine__from-oman,REJECT,facts,2149,1346,0,,,
profession-origin,medicine__from-pakistan,REJECT,facts,2155,1352,0,,,
profession-origin,medicine__from-palau,REJECT,facts,2149,1346,0,,,
profession-origin,medicine__from-palestine,REJECT,facts,2155,1352,0,,,
profession-origin,medicine__from-panama,REJECT,facts,2147,1344,0,,,
profession-origin,medicine__from-papua-new-guinea,REJECT,facts,2157,1354,0,,,
profession-origin,medicine__from-paraguay,REJECT,facts,2149,1346,0,,,
profession-origin,medicine__from-peru,REJECT,facts,2147,1344,0,,,
profession-origin,medicine__from-philippines,REJECT,facts,2155,1352,0,,,
profession-origin,medicine__from-poland,REJECT,facts,2149,1346,0,,,
profession-origin,medicine__from-portugal,REJECT,facts,2149,1346,0,,,
profession-origin,medicine__from-qatar,REJECT,facts,2155,1352,0,,,
profession-origin,medicine__from-republic-of-congo,REJECT,facts,2163,1360,0,,,
profession-origin,medicine__from-romania,REJECT,facts,2155,1352,0,,,
profession-origin,medicine__from-russia,REJECT,facts,2149,1346,0,,,
profession-origin,medicine__from-rwanda,REJECT,facts,2149,1346,0,,,
profession-origin,medicine__from-saint-kitts-and-nevis,REJECT,facts,2161,1358,0,,,
profession-origin,medicine__from-saint-lucia,REJECT,facts,2153,1350,0,,,
profession-origin,medicine__from-saint-vincent-and-the-grenadines,REJECT,facts,2165,1362,0,,,
profession-origin,medicine__from-samoa,REJECT,facts,2155,1352,0,,,
profession-origin,medicine__from-san-marino,REJECT,facts,2159,1356,0,,,
profession-origin,medicine__from-sao-tome-and-principe,REJECT,facts,2161,1358,0,,,
profession-origin,medicine__from-saudi-arabia,REJECT,facts,2153,1350,0,,,
profession-origin,medicine__from-senegal,REJECT,facts,2155,1352,0,,,
profession-origin,medicine__from-serbia,REJECT,facts,2149,1346,0,,,
profession-origin,medicine__from-seychelles,REJECT,facts,2149,1346,0,,,
profession-origin,medicine__from-sierra-leone,REJECT,facts,2153,1350,0,,,
profession-origin,medicine__from-singapore,REJECT,facts,2147,1344,0,,,
profession-origin,medicine__from-slovakia,REJECT,facts,2149,1346,0,,,
profession-origin,medicine__from-slovenia,REJECT,facts,2155,1352,0,,,
profession-origin,medicine__from-solomon-islands,REJECT,facts,2153,1350,0,,,
profession-origin,medicine__from-somalia,REJECT,facts,2147,1344,0,,,
profession-origin,medicine__from-south-africa,REJECT,facts,2153,1350,0,,,
profession-origin,medicine__from-south-korea,REJECT,facts,2153,1350,0,,,
profession-origin,medicine__from-south-sudan,REJECT,facts,2153,1350,0,,,
profession-origin,medicine__from-spain,REJECT,facts,2155,1352,0,,,
profession-origin,medicine__from-sri-lanka,REJECT,facts,2151,1348,0,,,
profession-origin,medicine__from-sudan,REJECT,facts,2149,1346,0,,,
profession-origin,medicine__from-suriname,REJECT,facts,2147,1344,0,,,
profession-origin,medicine__from-sweden,REJECT,facts,2147,1344,0,,,
profession-origin,medicine__from-switzerland,REJECT,facts,2149,1346,0,,,
profession-origin,medicine__from-syria,REJECT,facts,2147,1344,0,,,
profession-origin,medicine__from-taiwan,REJECT,facts,2147,1344,0,,,
profession-origin,medicine__from-tajikistan,REJECT,facts,2147,1344,0,,,
profession-origin,medicine__from-tanzania,REJECT,facts,2149,1346,0,,,
profession-origin,medicine__from-thailand,REJECT,facts,2149,1346,0,,,
profession-origin,medicine__from-timor-leste,REJECT,facts,2155,1352,0,,,
profession-origin,medicine__from-togo,REJECT,facts,2149,1346,0,,,
profession-origin,medicine__from-tonga,REJECT,facts,2155,1352,0,,,
profession-origin,medicine__from-trinidad-and-tobago,REJECT,facts,2155,1352,0,,,
profession-origin,medicine__from-tunisia,REJECT,facts,2149,1346,0,,,
profession-origin,medicine__from-turkiye,REJECT,facts,2149,1346,0,,,
profession-origin,medicine__from-turkmenistan,REJECT,facts,2149,1346,0,,,
profession-origin,medicine__from-tuvalu,REJECT,facts,2155,1352,0,,,
profession-origin,medicine__from-uganda,REJECT,facts,2147,1344,0,,,
profession-origin,medicine__from-ukraine,REJECT,facts,2149,1346,0,,,
profession-origin,medicine__from-uruguay,REJECT,facts,2149,1346,0,,,
profession-origin,medicine__from-uzbekistan,REJECT,facts,2147,1344,0,,,
profession-origin,medicine__from-vanuatu,REJECT,facts,2147,1344,0,,,
profession-origin,medicine__from-venezuela,REJECT,facts,2155,1352,0,,,
profession-origin,medicine__from-vietnam,REJECT,facts,2147,1344,0,,,
profession-origin,medicine__from-yemen,REJECT,facts,2149,1346,0,,,
profession-origin,medicine__from-zambia,REJECT,facts,2147,1344,0,,,
profession-origin,medicine__from-zimbabwe,REJECT,facts,2149,1346,0,,,
profession-origin,nursing__from-afghanistan,REJECT,facts,3021,2218,0,,,
profession-origin,nursing__from-albania,REJECT,facts,3021,2218,0,,,
profession-origin,nursing__from-algeria,REJECT,facts,3029,2226,0,,,
profession-origin,nursing__from-andorra,REJECT,facts,3029,2226,0,,,
profession-origin,nursing__from-angola,REJECT,facts,3023,2220,0,,,
profession-origin,nursing__from-antigua-and-barbuda,REJECT,facts,3037,2234,0,,,
profession-origin,nursing__from-argentina,REJECT,facts,3023,2220,0,,,
profession-origin,nursing__from-armenia,REJECT,facts,3029,2226,0,,,
profession-origin,nursing__from-austria,REJECT,facts,3029,2226,0,,,
profession-origin,nursing__from-azerbaijan,REJECT,facts,3023,2220,0,,,
profession-origin,nursing__from-bahamas,REJECT,facts,3027,2224,0,,,
profession-origin,nursing__from-bahrain,REJECT,facts,3029,2226,0,,,
profession-origin,nursing__from-bangladesh,REJECT,facts,3023,2220,0,,,
profession-origin,nursing__from-barbados,REJECT,facts,3023,2220,0,,,
profession-origin,nursing__from-belarus,REJECT,facts,3021,2218,0,,,
profession-origin,nursing__from-belgium,REJECT,facts,3023,2220,0,,,
profession-origin,nursing__from-belize,REJECT,facts,3023,2220,0,,,
profession-origin,nursing__from-benin,REJECT,facts,3021,2218,0,,,
profession-origin,nursing__from-bhutan,REJECT,facts,3023,2220,0,,,
profession-origin,nursing__from-bolivia,REJECT,facts,3021,2218,0,,,
profession-origin,nursing__from-bosnia-and-herzegovina,REJECT,facts,3031,2228,0,,,
profession-origin,nursing__from-botswana,REJECT,facts,3029,2226,0,,,
profession-origin,nursing__from-brazil,REJECT,facts,3021,2218,0,,,
profession-origin,nursing__from-brunei,REJECT,facts,3029,2226,0,,,
profession-origin,nursing__from-bulgaria,REJECT,facts,3023,2220,0,,,
profession-origin,nursing__from-burkina-faso,REJECT,facts,3025,2222,0,,,
profession-origin,nursing__from-burundi,REJECT,facts,3029,2226,0,,,
profession-origin,nursing__from-cambodia,REJECT,facts,3021,2218,0,,,
profession-origin,nursing__from-cameroon,REJECT,facts,3023,2220,0,,,
profession-origin,nursing__from-cape-verde,REJECT,facts,3027,2224,0,,,
profession-origin,nursing__from-central-african-republic,REJECT,facts,3037,2234,0,,,
profession-origin,nursing__from-chad,REJECT,facts,3021,2218,0,,,
profession-origin,nursing__from-chile,REJECT,facts,3029,2226,0,,,
profession-origin,nursing__from-china,REJECT,facts,3023,2220,0,,,
profession-origin,nursing__from-colombia,REJECT,facts,3021,2218,0,,,
profession-origin,nursing__from-comoros,REJECT,facts,3021,2218,0,,,
profession-origin,nursing__from-cook-islands,REJECT,facts,3033,2230,0,,,
profession-origin,nursing__from-costa-rica,REJECT,facts,3027,2224,0,,,
profession-origin,nursing__from-cote-divoire,REJECT,facts,3027,2224,0,,,
profession-origin,nursing__from-croatia,REJECT,facts,3023,2220,0,,,
profession-origin,nursing__from-cuba,REJECT,facts,3029,2226,0,,,
profession-origin,nursing__from-cyprus,REJECT,facts,3023,2220,0,,,
profession-origin,nursing__from-czechia,REJECT,facts,3023,2220,0,,,
profession-origin,nursing__from-denmark,REJECT,facts,3023,2220,0,,,
profession-origin,nursing__from-djibouti,REJECT,facts,3023,2220,0,,,
profession-origin,nursing__from-dominica,REJECT,facts,3021,2218,0,,,
profession-origin,nursing__from-dominican-republic,REJECT,facts,3027,2224,0,,,
profession-origin,nursing__from-dr-congo,REJECT,facts,3027,2224,0,,,
profession-origin,nursing__from-ecuador,REJECT,facts,3029,2226,0,,,
profession-origin,nursing__from-egypt,REJECT,facts,3023,2220,0,,,
profession-origin,nursing__from-el-salvador,REJECT,facts,3025,2222,0,,,
profession-origin,nursing__from-equatorial-guinea,REJECT,facts,3027,2224,0,,,
profession-origin,nursing__from-eritrea,REJECT,facts,3023,2220,0,,,
profession-origin,nursing__from-estonia,REJECT,facts,3029,2226,0,,,
profession-origin,nursing__from-eswatini,REJECT,facts,3021,2218,0,,,
profession-origin,nursing__from-ethiopia,REJECT,facts,3029,2226,0,,,
profession-origin,nursing__from-fiji,REJECT,facts,3023,2220,0,,,
profession-origin,nursing__from-finland,REJECT,facts,3023,2220,0,,,
profession-origin,nursing__from-france,REJECT,facts,3023,2220,0,,,
profession-origin,nursing__from-gabon,REJECT,facts,3023,2220,0,,,
profession-origin,nursing__from-gambia,REJECT,facts,3027,2224,0,,,
profession-origin,nursing__from-georgia,REJECT,facts,3023,2220,0,,,
profession-origin,nursing__from-germany,REJECT,facts,3023,2220,0,,,
profession-origin,nursing__from-ghana,REJECT,facts,3023,2220,0,,,
profession-origin,nursing__from-greece,REJECT,facts,3029,2226,0,,,
profession-origin,nursing__from-grenada,REJECT,facts,3023,2220,0,,,
profession-origin,nursing__from-guatemala,REJECT,facts,3029,2226,0,,,
profession-origin,nursing__from-guinea-bissau,REJECT,facts,3029,2226,0,,,
profession-origin,nursing__from-guinea,REJECT,facts,3023,2220,0,,,
profession-origin,nursing__from-guyana,REJECT,facts,3029,2226,0,,,
profession-origin,nursing__from-haiti,REJECT,facts,3029,2226,0,,,
profession-origin,nursing__from-honduras,REJECT,facts,3021,2218,0,,,
profession-origin,nursing__from-hong-kong,REJECT,facts,3027,2224,0,,,
profession-origin,nursing__from-hungary,REJECT,facts,3023,2220,0,,,
profession-origin,nursing__from-iceland,REJECT,facts,3023,2220,0,,,
profession-origin,nursing__from-india,REJECT,facts,3023,2220,0,,,
profession-origin,nursing__from-indonesia,REJECT,facts,3021,2218,0,,,
profession-origin,nursing__from-iran,REJECT,facts,3023,2220,0,,,
profession-origin,nursing__from-iraq,REJECT,facts,3029,2226,0,,,
profession-origin,nursing__from-ireland,REJECT,facts,3023,2220,0,,,
profession-origin,nursing__from-israel,REJECT,facts,3021,2218,0,,,
profession-origin,nursing__from-italy,REJECT,facts,3023,2220,0,,,
profession-origin,nursing__from-jamaica,REJECT,facts,3021,2218,0,,,
profession-origin,nursing__from-japan,REJECT,facts,3023,2220,0,,,
profession-origin,nursing__from-jordan,REJECT,facts,3021,2218,0,,,
profession-origin,nursing__from-kazakhstan,REJECT,facts,3021,2218,0,,,
profession-origin,nursing__from-kenya,REJECT,facts,3021,2218,0,,,
profession-origin,nursing__from-kiribati,REJECT,facts,3029,2226,0,,,
profession-origin,nursing__from-kosovo,REJECT,facts,3029,2226,0,,,
profession-origin,nursing__from-kuwait,REJECT,facts,3023,2220,0,,,
profession-origin,nursing__from-kyrgyzstan,REJECT,facts,3023,2220,0,,,
profession-origin,nursing__from-laos,REJECT,facts,3029,2226,0,,,
profession-origin,nursing__from-latvia,REJECT,facts,3023,2220,0,,,
profession-origin,nursing__from-lebanon,REJECT,facts,3029,2226,0,,,
profession-origin,nursing__from-lesotho,REJECT,facts,3023,2220,0,,,
profession-origin,nursing__from-liberia,REJECT,facts,3023,2220,0,,,
profession-origin,nursing__from-libya,REJECT,facts,3029,2226,0,,,
profession-origin,nursing__from-liechtenstein,REJECT,facts,3029,2226,0,,,
profession-origin,nursing__from-lithuania,REJECT,facts,3029,2226,0,,,
profession-origin,nursing__from-luxembourg,REJECT,facts,3023,2220,0,,,
profession-origin,nursing__from-madagascar,REJECT,facts,3021,2218,0,,,
profession-origin,nursing__from-malawi,REJECT,facts,3023,2220,0,,,
profession-origin,nursing__from-malaysia,REJECT,facts,3023,2220,0,,,
profession-origin,nursing__from-maldives,REJECT,facts,3023,2220,0,,,
profession-origin,nursing__from-mali,REJECT,facts,3029,2226,0,,,
profession-origin,nursing__from-malta,REJECT,facts,3029,2226,0,,,
profession-origin,nursing__from-marshall-islands,REJECT,facts,3027,2224,0,,,
profession-origin,nursing__from-mauritania,REJECT,facts,3029,2226,0,,,
profession-origin,nursing__from-mauritius,REJECT,facts,3023,2220,0,,,
profession-origin,nursing__from-mexico,REJECT,facts,3029,2226,0,,,
profession-origin,nursing__from-micronesia,REJECT,facts,3021,2218,0,,,
profession-origin,nursing__from-moldova,REJECT,facts,3021,2218,0,,,
profession-origin,nursing__from-monaco,REJECT,facts,3029,2226,0,,,
profession-origin,nursing__from-mongolia,REJECT,facts,3021,2218,0,,,
profession-origin,nursing__from-montenegro,REJECT,facts,3021,2218,0,,,
profession-origin,nursing__from-morocco,REJECT,facts,3021,2218,0,,,
profession-origin,nursing__from-mozambique,REJECT,facts,3023,2220,0,,,
profession-origin,nursing__from-myanmar,REJECT,facts,3029,2226,0,,,
profession-origin,nursing__from-namibia,REJECT,facts,3023,2220,0,,,
profession-origin,nursing__from-nauru,REJECT,facts,3029,2226,0,,,
profession-origin,nursing__from-nepal,REJECT,facts,3021,2218,0,,,
profession-origin,nursing__from-netherlands,REJECT,facts,3021,2218,0,,,
profession-origin,nursing__from-nicaragua,REJECT,facts,3023,2220,0,,,
profession-origin,nursing__from-niger,REJECT,facts,3029,2226,0,,,
profession-origin,nursing__from-nigeria,REJECT,facts,3029,2226,0,,,
profession-origin,nursing__from-north-macedonia,REJECT,facts,3033,2230,0,,,
profession-origin,nursing__from-norway,REJECT,facts,3023,2220,0,,,
profession-origin,nursing__from-oman,REJECT,facts,3023,2220,0,,,
profession-origin,nursing__from-pakistan,REJECT,facts,3029,2226,0,,,
profession-origin,nursing__from-palau,REJECT,facts,3023,2220,0,,,
profession-origin,nursing__from-palestine,REJECT,facts,3029,2226,0,,,
profession-origin,nursing__from-panama,REJECT,facts,3021,2218,0,,,
profession-origin,nursing__from-papua-new-guinea,REJECT,facts,3031,2228,0,,,
profession-origin,nursing__from-paraguay,REJECT,facts,3023,2220,0,,,
profession-origin,nursing__from-peru,REJECT,facts,3021,2218,0,,,
profession-origin,nursing__from-philippines,REJECT,facts,3029,2226,0,,,
profession-origin,nursing__from-poland,REJECT,facts,3023,2220,0,,,
profession-origin,nursing__from-portugal,REJECT,facts,3023,2220,0,,,
profession-origin,nursing__from-qatar,REJECT,facts,3029,2226,0,,,
profession-origin,nursing__from-republic-of-congo,REJECT,facts,3037,2234,0,,,
profession-origin,nursing__from-romania,REJECT,facts,3029,2226,0,,,
profession-origin,nursing__from-russia,REJECT,facts,3023,2220,0,,,
profession-origin,nursing__from-rwanda,REJECT,facts,3023,2220,0,,,
profession-origin,nursing__from-saint-kitts-and-nevis,REJECT,facts,3035,2232,0,,,
profession-origin,nursing__from-saint-lucia,REJECT,facts,3027,2224,0,,,
profession-origin,nursing__from-saint-vincent-and-the-grenadines,REJECT,facts,3039,2236,0,,,
profession-origin,nursing__from-samoa,REJECT,facts,3029,2226,0,,,
profession-origin,nursing__from-san-marino,REJECT,facts,3033,2230,0,,,
profession-origin,nursing__from-sao-tome-and-principe,REJECT,facts,3035,2232,0,,,
profession-origin,nursing__from-saudi-arabia,REJECT,facts,3027,2224,0,,,
profession-origin,nursing__from-senegal,REJECT,facts,3029,2226,0,,,
profession-origin,nursing__from-serbia,REJECT,facts,3023,2220,0,,,
profession-origin,nursing__from-seychelles,REJECT,facts,3023,2220,0,,,
profession-origin,nursing__from-sierra-leone,REJECT,facts,3027,2224,0,,,
profession-origin,nursing__from-singapore,REJECT,facts,3021,2218,0,,,
profession-origin,nursing__from-slovakia,REJECT,facts,3023,2220,0,,,
profession-origin,nursing__from-slovenia,REJECT,facts,3029,2226,0,,,
profession-origin,nursing__from-solomon-islands,REJECT,facts,3027,2224,0,,,
profession-origin,nursing__from-somalia,REJECT,facts,3021,2218,0,,,
profession-origin,nursing__from-south-africa,REJECT,facts,3027,2224,0,,,
profession-origin,nursing__from-south-korea,REJECT,facts,3027,2224,0,,,
profession-origin,nursing__from-south-sudan,REJECT,facts,3027,2224,0,,,
profession-origin,nursing__from-spain,REJECT,facts,3029,2226,0,,,
profession-origin,nursing__from-sri-lanka,REJECT,facts,3025,2222,0,,,
profession-origin,nursing__from-sudan,REJECT,facts,3023,2220,0,,,
profession-origin,nursing__from-suriname,REJECT,facts,3021,2218,0,,,
profession-origin,nursing__from-sweden,REJECT,facts,3021,2218,0,,,
profession-origin,nursing__from-switzerland,REJECT,facts,3023,2220,0,,,
profession-origin,nursing__from-syria,REJECT,facts,3021,2218,0,,,
profession-origin,nursing__from-taiwan,REJECT,facts,3021,2218,0,,,
profession-origin,nursing__from-tajikistan,REJECT,facts,3021,2218,0,,,
profession-origin,nursing__from-tanzania,REJECT,facts,3023,2220,0,,,
profession-origin,nursing__from-thailand,REJECT,facts,3023,2220,0,,,
profession-origin,nursing__from-timor-leste,REJECT,facts,3029,2226,0,,,
profession-origin,nursing__from-togo,REJECT,facts,3023,2220,0,,,
profession-origin,nursing__from-tonga,REJECT,facts,3029,2226,0,,,
profession-origin,nursing__from-trinidad-and-tobago,REJECT,facts,3029,2226,0,,,
profession-origin,nursing__from-tunisia,REJECT,facts,3023,2220,0,,,
profession-origin,nursing__from-turkiye,REJECT,facts,3023,2220,0,,,
profession-origin,nursing__from-turkmenistan,REJECT,facts,3023,2220,0,,,
profession-origin,nursing__from-tuvalu,REJECT,facts,3029,2226,0,,,
profession-origin,nursing__from-uganda,REJECT,facts,3021,2218,0,,,
profession-origin,nursing__from-ukraine,REJECT,facts,3023,2220,0,,,
profession-origin,nursing__from-uruguay,REJECT,facts,3023,2220,0,,,
profession-origin,nursing__from-uzbekistan,REJECT,facts,3021,2218,0,,,
profession-origin,nursing__from-vanuatu,REJECT,facts,3021,2218,0,,,
profession-origin,nursing__from-venezuela,REJECT,facts,3029,2226,0,,,
profession-origin,nursing__from-vietnam,REJECT,facts,3021,2218,0,,,
profession-origin,nursing__from-yemen,REJECT,facts,3023,2220,0,,,
profession-origin,nursing__from-zambia,REJECT,facts,3021,2218,0,,,
profession-origin,nursing__from-zimbabwe,REJECT,facts,3023,2220,0,,,
profession-origin,occupational-therapy__from-afghanistan,REJECT,uniqueWords,1127,324,,,,
profession-origin,occupational-therapy__from-albania,REJECT,uniqueWords,1127,324,,,,
profession-origin,occupational-therapy__from-algeria,REJECT,uniqueWords,1135,332,,,,
profession-origin,occupational-therapy__from-andorra,REJECT,uniqueWords,1135,332,,,,
profession-origin,occupational-therapy__from-angola,REJECT,uniqueWords,1129,326,,,,
profession-origin,occupational-therapy__from-antigua-and-barbuda,REJECT,uniqueWords,1143,340,,,,
profession-origin,occupational-therapy__from-argentina,REJECT,uniqueWords,1129,326,,,,
profession-origin,occupational-therapy__from-armenia,REJECT,uniqueWords,1135,332,,,,
profession-origin,occupational-therapy__from-austria,REJECT,uniqueWords,1135,332,,,,
profession-origin,occupational-therapy__from-azerbaijan,REJECT,uniqueWords,1129,326,,,,
profession-origin,occupational-therapy__from-bahamas,REJECT,uniqueWords,1133,330,,,,
profession-origin,occupational-therapy__from-bahrain,REJECT,uniqueWords,1135,332,,,,
profession-origin,occupational-therapy__from-bangladesh,REJECT,uniqueWords,1129,326,,,,
profession-origin,occupational-therapy__from-barbados,REJECT,uniqueWords,1129,326,,,,
profession-origin,occupational-therapy__from-belarus,REJECT,uniqueWords,1127,324,,,,
profession-origin,occupational-therapy__from-belgium,REJECT,uniqueWords,1129,326,,,,
profession-origin,occupational-therapy__from-belize,REJECT,uniqueWords,1129,326,,,,
profession-origin,occupational-therapy__from-benin,REJECT,uniqueWords,1127,324,,,,
profession-origin,occupational-therapy__from-bhutan,REJECT,uniqueWords,1129,326,,,,
profession-origin,occupational-therapy__from-bolivia,REJECT,uniqueWords,1127,324,,,,
profession-origin,occupational-therapy__from-bosnia-and-herzegovina,REJECT,uniqueWords,1137,334,,,,
profession-origin,occupational-therapy__from-botswana,REJECT,uniqueWords,1135,332,,,,
profession-origin,occupational-therapy__from-brazil,REJECT,uniqueWords,1127,324,,,,
profession-origin,occupational-therapy__from-brunei,REJECT,uniqueWords,1135,332,,,,
profession-origin,occupational-therapy__from-bulgaria,REJECT,uniqueWords,1129,326,,,,
profession-origin,occupational-therapy__from-burkina-faso,REJECT,uniqueWords,1131,328,,,,
profession-origin,occupational-therapy__from-burundi,REJECT,uniqueWords,1135,332,,,,
profession-origin,occupational-therapy__from-cambodia,REJECT,uniqueWords,1127,324,,,,
profession-origin,occupational-therapy__from-cameroon,REJECT,uniqueWords,1129,326,,,,
profession-origin,occupational-therapy__from-cape-verde,REJECT,uniqueWords,1133,330,,,,
profession-origin,occupational-therapy__from-central-african-republic,REJECT,uniqueWords,1143,340,,,,
profession-origin,occupational-therapy__from-chad,REJECT,uniqueWords,1127,324,,,,
profession-origin,occupational-therapy__from-chile,REJECT,uniqueWords,1135,332,,,,
profession-origin,occupational-therapy__from-china,REJECT,uniqueWords,1129,326,,,,
profession-origin,occupational-therapy__from-colombia,REJECT,uniqueWords,1127,324,,,,
profession-origin,occupational-therapy__from-comoros,REJECT,uniqueWords,1127,324,,,,
profession-origin,occupational-therapy__from-cook-islands,REJECT,uniqueWords,1139,336,,,,
profession-origin,occupational-therapy__from-costa-rica,REJECT,uniqueWords,1133,330,,,,
profession-origin,occupational-therapy__from-cote-divoire,REJECT,uniqueWords,1133,330,,,,
profession-origin,occupational-therapy__from-croatia,REJECT,uniqueWords,1129,326,,,,
profession-origin,occupational-therapy__from-cuba,REJECT,uniqueWords,1135,332,,,,
profession-origin,occupational-therapy__from-cyprus,REJECT,uniqueWords,1129,326,,,,
profession-origin,occupational-therapy__from-czechia,REJECT,uniqueWords,1129,326,,,,
profession-origin,occupational-therapy__from-denmark,REJECT,uniqueWords,1129,326,,,,
profession-origin,occupational-therapy__from-djibouti,REJECT,uniqueWords,1129,326,,,,
profession-origin,occupational-therapy__from-dominica,REJECT,uniqueWords,1127,324,,,,
profession-origin,occupational-therapy__from-dominican-republic,REJECT,uniqueWords,1133,330,,,,
profession-origin,occupational-therapy__from-dr-congo,REJECT,uniqueWords,1133,330,,,,
profession-origin,occupational-therapy__from-ecuador,REJECT,uniqueWords,1135,332,,,,
profession-origin,occupational-therapy__from-egypt,REJECT,uniqueWords,1129,326,,,,
profession-origin,occupational-therapy__from-el-salvador,REJECT,uniqueWords,1131,328,,,,
profession-origin,occupational-therapy__from-equatorial-guinea,REJECT,uniqueWords,1133,330,,,,
profession-origin,occupational-therapy__from-eritrea,REJECT,uniqueWords,1129,326,,,,
profession-origin,occupational-therapy__from-estonia,REJECT,uniqueWords,1135,332,,,,
profession-origin,occupational-therapy__from-eswatini,REJECT,uniqueWords,1127,324,,,,
profession-origin,occupational-therapy__from-ethiopia,REJECT,uniqueWords,1135,332,,,,
profession-origin,occupational-therapy__from-fiji,REJECT,uniqueWords,1129,326,,,,
profession-origin,occupational-therapy__from-finland,REJECT,uniqueWords,1129,326,,,,
profession-origin,occupational-therapy__from-france,REJECT,uniqueWords,1129,326,,,,
profession-origin,occupational-therapy__from-gabon,REJECT,uniqueWords,1129,326,,,,
profession-origin,occupational-therapy__from-gambia,REJECT,uniqueWords,1133,330,,,,
profession-origin,occupational-therapy__from-georgia,REJECT,uniqueWords,1129,326,,,,
profession-origin,occupational-therapy__from-germany,REJECT,uniqueWords,1129,326,,,,
profession-origin,occupational-therapy__from-ghana,REJECT,uniqueWords,1129,326,,,,
profession-origin,occupational-therapy__from-greece,REJECT,uniqueWords,1135,332,,,,
profession-origin,occupational-therapy__from-grenada,REJECT,uniqueWords,1129,326,,,,
profession-origin,occupational-therapy__from-guatemala,REJECT,uniqueWords,1135,332,,,,
profession-origin,occupational-therapy__from-guinea-bissau,REJECT,uniqueWords,1135,332,,,,
profession-origin,occupational-therapy__from-guinea,REJECT,uniqueWords,1129,326,,,,
profession-origin,occupational-therapy__from-guyana,REJECT,uniqueWords,1135,332,,,,
profession-origin,occupational-therapy__from-haiti,REJECT,uniqueWords,1135,332,,,,
profession-origin,occupational-therapy__from-honduras,REJECT,uniqueWords,1127,324,,,,
profession-origin,occupational-therapy__from-hong-kong,REJECT,uniqueWords,1133,330,,,,
profession-origin,occupational-therapy__from-hungary,REJECT,uniqueWords,1129,326,,,,
profession-origin,occupational-therapy__from-iceland,REJECT,uniqueWords,1129,326,,,,
profession-origin,occupational-therapy__from-india,REJECT,uniqueWords,1129,326,,,,
profession-origin,occupational-therapy__from-indonesia,REJECT,uniqueWords,1127,324,,,,
profession-origin,occupational-therapy__from-iran,REJECT,uniqueWords,1129,326,,,,
profession-origin,occupational-therapy__from-iraq,REJECT,uniqueWords,1135,332,,,,
profession-origin,occupational-therapy__from-ireland,REJECT,uniqueWords,1129,326,,,,
profession-origin,occupational-therapy__from-israel,REJECT,uniqueWords,1127,324,,,,
profession-origin,occupational-therapy__from-italy,REJECT,uniqueWords,1129,326,,,,
profession-origin,occupational-therapy__from-jamaica,REJECT,uniqueWords,1127,324,,,,
profession-origin,occupational-therapy__from-japan,REJECT,uniqueWords,1129,326,,,,
profession-origin,occupational-therapy__from-jordan,REJECT,uniqueWords,1127,324,,,,
profession-origin,occupational-therapy__from-kazakhstan,REJECT,uniqueWords,1127,324,,,,
profession-origin,occupational-therapy__from-kenya,REJECT,uniqueWords,1127,324,,,,
profession-origin,occupational-therapy__from-kiribati,REJECT,uniqueWords,1135,332,,,,
profession-origin,occupational-therapy__from-kosovo,REJECT,uniqueWords,1135,332,,,,
profession-origin,occupational-therapy__from-kuwait,REJECT,uniqueWords,1129,326,,,,
profession-origin,occupational-therapy__from-kyrgyzstan,REJECT,uniqueWords,1129,326,,,,
profession-origin,occupational-therapy__from-laos,REJECT,uniqueWords,1135,332,,,,
profession-origin,occupational-therapy__from-latvia,REJECT,uniqueWords,1129,326,,,,
profession-origin,occupational-therapy__from-lebanon,REJECT,uniqueWords,1135,332,,,,
profession-origin,occupational-therapy__from-lesotho,REJECT,uniqueWords,1129,326,,,,
profession-origin,occupational-therapy__from-liberia,REJECT,uniqueWords,1129,326,,,,
profession-origin,occupational-therapy__from-libya,REJECT,uniqueWords,1135,332,,,,
profession-origin,occupational-therapy__from-liechtenstein,REJECT,uniqueWords,1135,332,,,,
profession-origin,occupational-therapy__from-lithuania,REJECT,uniqueWords,1135,332,,,,
profession-origin,occupational-therapy__from-luxembourg,REJECT,uniqueWords,1129,326,,,,
profession-origin,occupational-therapy__from-madagascar,REJECT,uniqueWords,1127,324,,,,
profession-origin,occupational-therapy__from-malawi,REJECT,uniqueWords,1129,326,,,,
profession-origin,occupational-therapy__from-malaysia,REJECT,uniqueWords,1129,326,,,,
profession-origin,occupational-therapy__from-maldives,REJECT,uniqueWords,1129,326,,,,
profession-origin,occupational-therapy__from-mali,REJECT,uniqueWords,1135,332,,,,
profession-origin,occupational-therapy__from-malta,REJECT,uniqueWords,1135,332,,,,
profession-origin,occupational-therapy__from-marshall-islands,REJECT,uniqueWords,1133,330,,,,
profession-origin,occupational-therapy__from-mauritania,REJECT,uniqueWords,1135,332,,,,
profession-origin,occupational-therapy__from-mauritius,REJECT,uniqueWords,1129,326,,,,
profession-origin,occupational-therapy__from-mexico,REJECT,uniqueWords,1135,332,,,,
profession-origin,occupational-therapy__from-micronesia,REJECT,uniqueWords,1127,324,,,,
profession-origin,occupational-therapy__from-moldova,REJECT,uniqueWords,1127,324,,,,
profession-origin,occupational-therapy__from-monaco,REJECT,uniqueWords,1135,332,,,,
profession-origin,occupational-therapy__from-mongolia,REJECT,uniqueWords,1127,324,,,,
profession-origin,occupational-therapy__from-montenegro,REJECT,uniqueWords,1127,324,,,,
profession-origin,occupational-therapy__from-morocco,REJECT,uniqueWords,1127,324,,,,
profession-origin,occupational-therapy__from-mozambique,REJECT,uniqueWords,1129,326,,,,
profession-origin,occupational-therapy__from-myanmar,REJECT,uniqueWords,1135,332,,,,
profession-origin,occupational-therapy__from-namibia,REJECT,uniqueWords,1129,326,,,,
profession-origin,occupational-therapy__from-nauru,REJECT,uniqueWords,1135,332,,,,
profession-origin,occupational-therapy__from-nepal,REJECT,uniqueWords,1127,324,,,,
profession-origin,occupational-therapy__from-netherlands,REJECT,uniqueWords,1127,324,,,,
profession-origin,occupational-therapy__from-nicaragua,REJECT,uniqueWords,1129,326,,,,
profession-origin,occupational-therapy__from-niger,REJECT,uniqueWords,1135,332,,,,
profession-origin,occupational-therapy__from-nigeria,REJECT,uniqueWords,1135,332,,,,
profession-origin,occupational-therapy__from-north-macedonia,REJECT,uniqueWords,1139,336,,,,
profession-origin,occupational-therapy__from-norway,REJECT,uniqueWords,1129,326,,,,
profession-origin,occupational-therapy__from-oman,REJECT,uniqueWords,1129,326,,,,
profession-origin,occupational-therapy__from-pakistan,REJECT,uniqueWords,1135,332,,,,
profession-origin,occupational-therapy__from-palau,REJECT,uniqueWords,1129,326,,,,
profession-origin,occupational-therapy__from-palestine,REJECT,uniqueWords,1135,332,,,,
profession-origin,occupational-therapy__from-panama,REJECT,uniqueWords,1127,324,,,,
profession-origin,occupational-therapy__from-papua-new-guinea,REJECT,uniqueWords,1137,334,,,,
profession-origin,occupational-therapy__from-paraguay,REJECT,uniqueWords,1129,326,,,,
profession-origin,occupational-therapy__from-peru,REJECT,uniqueWords,1127,324,,,,
profession-origin,occupational-therapy__from-philippines,REJECT,uniqueWords,1135,332,,,,
profession-origin,occupational-therapy__from-poland,REJECT,uniqueWords,1129,326,,,,
profession-origin,occupational-therapy__from-portugal,REJECT,uniqueWords,1129,326,,,,
profession-origin,occupational-therapy__from-qatar,REJECT,uniqueWords,1135,332,,,,
profession-origin,occupational-therapy__from-republic-of-congo,REJECT,uniqueWords,1143,340,,,,
profession-origin,occupational-therapy__from-romania,REJECT,uniqueWords,1135,332,,,,
profession-origin,occupational-therapy__from-russia,REJECT,uniqueWords,1129,326,,,,
profession-origin,occupational-therapy__from-rwanda,REJECT,uniqueWords,1129,326,,,,
profession-origin,occupational-therapy__from-saint-kitts-and-nevis,REJECT,uniqueWords,1141,338,,,,
profession-origin,occupational-therapy__from-saint-lucia,REJECT,uniqueWords,1133,330,,,,
profession-origin,occupational-therapy__from-saint-vincent-and-the-grenadines,REJECT,uniqueWords,1145,342,,,,
profession-origin,occupational-therapy__from-samoa,REJECT,uniqueWords,1135,332,,,,
profession-origin,occupational-therapy__from-san-marino,REJECT,uniqueWords,1139,336,,,,
profession-origin,occupational-therapy__from-sao-tome-and-principe,REJECT,uniqueWords,1141,338,,,,
profession-origin,occupational-therapy__from-saudi-arabia,REJECT,uniqueWords,1133,330,,,,
profession-origin,occupational-therapy__from-senegal,REJECT,uniqueWords,1135,332,,,,
profession-origin,occupational-therapy__from-serbia,REJECT,uniqueWords,1129,326,,,,
profession-origin,occupational-therapy__from-seychelles,REJECT,uniqueWords,1129,326,,,,
profession-origin,occupational-therapy__from-sierra-leone,REJECT,uniqueWords,1133,330,,,,
profession-origin,occupational-therapy__from-singapore,REJECT,uniqueWords,1127,324,,,,
profession-origin,occupational-therapy__from-slovakia,REJECT,uniqueWords,1129,326,,,,
profession-origin,occupational-therapy__from-slovenia,REJECT,uniqueWords,1135,332,,,,
profession-origin,occupational-therapy__from-solomon-islands,REJECT,uniqueWords,1133,330,,,,
profession-origin,occupational-therapy__from-somalia,REJECT,uniqueWords,1127,324,,,,
profession-origin,occupational-therapy__from-south-africa,REJECT,uniqueWords,1133,330,,,,
profession-origin,occupational-therapy__from-south-korea,REJECT,uniqueWords,1133,330,,,,
profession-origin,occupational-therapy__from-south-sudan,REJECT,uniqueWords,1133,330,,,,
profession-origin,occupational-therapy__from-spain,REJECT,uniqueWords,1135,332,,,,
profession-origin,occupational-therapy__from-sri-lanka,REJECT,uniqueWords,1131,328,,,,
profession-origin,occupational-therapy__from-sudan,REJECT,uniqueWords,1129,326,,,,
profession-origin,occupational-therapy__from-suriname,REJECT,uniqueWords,1127,324,,,,
profession-origin,occupational-therapy__from-sweden,REJECT,uniqueWords,1127,324,,,,
profession-origin,occupational-therapy__from-switzerland,REJECT,uniqueWords,1129,326,,,,
profession-origin,occupational-therapy__from-syria,REJECT,uniqueWords,1127,324,,,,
profession-origin,occupational-therapy__from-taiwan,REJECT,uniqueWords,1127,324,,,,
profession-origin,occupational-therapy__from-tajikistan,REJECT,uniqueWords,1127,324,,,,
profession-origin,occupational-therapy__from-tanzania,REJECT,uniqueWords,1129,326,,,,
profession-origin,occupational-therapy__from-thailand,REJECT,uniqueWords,1129,326,,,,
profession-origin,occupational-therapy__from-timor-leste,REJECT,uniqueWords,1135,332,,,,
profession-origin,occupational-therapy__from-togo,REJECT,uniqueWords,1129,326,,,,
profession-origin,occupational-therapy__from-tonga,REJECT,uniqueWords,1135,332,,,,
profession-origin,occupational-therapy__from-trinidad-and-tobago,REJECT,uniqueWords,1135,332,,,,
profession-origin,occupational-therapy__from-tunisia,REJECT,uniqueWords,1129,326,,,,
profession-origin,occupational-therapy__from-turkiye,REJECT,uniqueWords,1129,326,,,,
profession-origin,occupational-therapy__from-turkmenistan,REJECT,uniqueWords,1129,326,,,,
profession-origin,occupational-therapy__from-tuvalu,REJECT,uniqueWords,1135,332,,,,
profession-origin,occupational-therapy__from-uganda,REJECT,uniqueWords,1127,324,,,,
profession-origin,occupational-therapy__from-ukraine,REJECT,uniqueWords,1129,326,,,,
profession-origin,occupational-therapy__from-uruguay,REJECT,uniqueWords,1129,326,,,,
profession-origin,occupational-therapy__from-uzbekistan,REJECT,uniqueWords,1127,324,,,,
profession-origin,occupational-therapy__from-vanuatu,REJECT,uniqueWords,1127,324,,,,
profession-origin,occupational-therapy__from-venezuela,REJECT,uniqueWords,1135,332,,,,
profession-origin,occupational-therapy__from-vietnam,REJECT,uniqueWords,1127,324,,,,
profession-origin,occupational-therapy__from-yemen,REJECT,uniqueWords,1129,326,,,,
profession-origin,occupational-therapy__from-zambia,REJECT,uniqueWords,1127,324,,,,
profession-origin,occupational-therapy__from-zimbabwe,REJECT,uniqueWords,1129,326,,,,
profession-origin,optometry__from-afghanistan,REJECT,uniqueWords,936,133,,,,
profession-origin,optometry__from-albania,REJECT,uniqueWords,936,133,,,,
profession-origin,optometry__from-algeria,REJECT,uniqueWords,944,141,,,,
profession-origin,optometry__from-andorra,REJECT,uniqueWords,944,141,,,,
profession-origin,optometry__from-angola,REJECT,uniqueWords,938,135,,,,
profession-origin,optometry__from-antigua-and-barbuda,REJECT,uniqueWords,952,149,,,,
profession-origin,optometry__from-argentina,REJECT,uniqueWords,938,135,,,,
profession-origin,optometry__from-armenia,REJECT,uniqueWords,944,141,,,,
profession-origin,optometry__from-austria,REJECT,uniqueWords,944,141,,,,
profession-origin,optometry__from-azerbaijan,REJECT,uniqueWords,938,135,,,,
profession-origin,optometry__from-bahamas,REJECT,uniqueWords,942,139,,,,
profession-origin,optometry__from-bahrain,REJECT,uniqueWords,944,141,,,,
profession-origin,optometry__from-bangladesh,REJECT,uniqueWords,938,135,,,,
profession-origin,optometry__from-barbados,REJECT,uniqueWords,938,135,,,,
profession-origin,optometry__from-belarus,REJECT,uniqueWords,936,133,,,,
profession-origin,optometry__from-belgium,REJECT,uniqueWords,938,135,,,,
profession-origin,optometry__from-belize,REJECT,uniqueWords,938,135,,,,
profession-origin,optometry__from-benin,REJECT,uniqueWords,936,133,,,,
profession-origin,optometry__from-bhutan,REJECT,uniqueWords,938,135,,,,
profession-origin,optometry__from-bolivia,REJECT,uniqueWords,936,133,,,,
profession-origin,optometry__from-bosnia-and-herzegovina,REJECT,uniqueWords,946,143,,,,
profession-origin,optometry__from-botswana,REJECT,uniqueWords,944,141,,,,
profession-origin,optometry__from-brazil,REJECT,uniqueWords,936,133,,,,
profession-origin,optometry__from-brunei,REJECT,uniqueWords,944,141,,,,
profession-origin,optometry__from-bulgaria,REJECT,uniqueWords,938,135,,,,
profession-origin,optometry__from-burkina-faso,REJECT,uniqueWords,940,137,,,,
profession-origin,optometry__from-burundi,REJECT,uniqueWords,944,141,,,,
profession-origin,optometry__from-cambodia,REJECT,uniqueWords,936,133,,,,
profession-origin,optometry__from-cameroon,REJECT,uniqueWords,938,135,,,,
profession-origin,optometry__from-cape-verde,REJECT,uniqueWords,942,139,,,,
profession-origin,optometry__from-central-african-republic,REJECT,uniqueWords,952,149,,,,
profession-origin,optometry__from-chad,REJECT,uniqueWords,936,133,,,,
profession-origin,optometry__from-chile,REJECT,uniqueWords,944,141,,,,
profession-origin,optometry__from-china,REJECT,uniqueWords,938,135,,,,
profession-origin,optometry__from-colombia,REJECT,uniqueWords,936,133,,,,
profession-origin,optometry__from-comoros,REJECT,uniqueWords,936,133,,,,
profession-origin,optometry__from-cook-islands,REJECT,uniqueWords,948,145,,,,
profession-origin,optometry__from-costa-rica,REJECT,uniqueWords,942,139,,,,
profession-origin,optometry__from-cote-divoire,REJECT,uniqueWords,942,139,,,,
profession-origin,optometry__from-croatia,REJECT,uniqueWords,938,135,,,,
profession-origin,optometry__from-cuba,REJECT,uniqueWords,944,141,,,,
profession-origin,optometry__from-cyprus,REJECT,uniqueWords,938,135,,,,
profession-origin,optometry__from-czechia,REJECT,uniqueWords,938,135,,,,
profession-origin,optometry__from-denmark,REJECT,uniqueWords,938,135,,,,
profession-origin,optometry__from-djibouti,REJECT,uniqueWords,938,135,,,,
profession-origin,optometry__from-dominica,REJECT,uniqueWords,936,133,,,,
profession-origin,optometry__from-dominican-republic,REJECT,uniqueWords,942,139,,,,
profession-origin,optometry__from-dr-congo,REJECT,uniqueWords,942,139,,,,
profession-origin,optometry__from-ecuador,REJECT,uniqueWords,944,141,,,,
profession-origin,optometry__from-egypt,REJECT,uniqueWords,938,135,,,,
profession-origin,optometry__from-el-salvador,REJECT,uniqueWords,940,137,,,,
profession-origin,optometry__from-equatorial-guinea,REJECT,uniqueWords,942,139,,,,
profession-origin,optometry__from-eritrea,REJECT,uniqueWords,938,135,,,,
profession-origin,optometry__from-estonia,REJECT,uniqueWords,944,141,,,,
profession-origin,optometry__from-eswatini,REJECT,uniqueWords,936,133,,,,
profession-origin,optometry__from-ethiopia,REJECT,uniqueWords,944,141,,,,
profession-origin,optometry__from-fiji,REJECT,uniqueWords,938,135,,,,
profession-origin,optometry__from-finland,REJECT,uniqueWords,938,135,,,,
profession-origin,optometry__from-france,REJECT,uniqueWords,938,135,,,,
profession-origin,optometry__from-gabon,REJECT,uniqueWords,938,135,,,,
profession-origin,optometry__from-gambia,REJECT,uniqueWords,942,139,,,,
profession-origin,optometry__from-georgia,REJECT,uniqueWords,938,135,,,,
profession-origin,optometry__from-germany,REJECT,uniqueWords,938,135,,,,
profession-origin,optometry__from-ghana,REJECT,uniqueWords,938,135,,,,
profession-origin,optometry__from-greece,REJECT,uniqueWords,944,141,,,,
profession-origin,optometry__from-grenada,REJECT,uniqueWords,938,135,,,,
profession-origin,optometry__from-guatemala,REJECT,uniqueWords,944,141,,,,
profession-origin,optometry__from-guinea-bissau,REJECT,uniqueWords,944,141,,,,
profession-origin,optometry__from-guinea,REJECT,uniqueWords,938,135,,,,
profession-origin,optometry__from-guyana,REJECT,uniqueWords,944,141,,,,
profession-origin,optometry__from-haiti,REJECT,uniqueWords,944,141,,,,
profession-origin,optometry__from-honduras,REJECT,uniqueWords,936,133,,,,
profession-origin,optometry__from-hong-kong,REJECT,uniqueWords,942,139,,,,
profession-origin,optometry__from-hungary,REJECT,uniqueWords,938,135,,,,
profession-origin,optometry__from-iceland,REJECT,uniqueWords,938,135,,,,
profession-origin,optometry__from-india,REJECT,uniqueWords,938,135,,,,
profession-origin,optometry__from-indonesia,REJECT,uniqueWords,936,133,,,,
profession-origin,optometry__from-iran,REJECT,uniqueWords,938,135,,,,
profession-origin,optometry__from-iraq,REJECT,uniqueWords,944,141,,,,
profession-origin,optometry__from-ireland,REJECT,uniqueWords,938,135,,,,
profession-origin,optometry__from-israel,REJECT,uniqueWords,936,133,,,,
profession-origin,optometry__from-italy,REJECT,uniqueWords,938,135,,,,
profession-origin,optometry__from-jamaica,REJECT,uniqueWords,936,133,,,,
profession-origin,optometry__from-japan,REJECT,uniqueWords,938,135,,,,
profession-origin,optometry__from-jordan,REJECT,uniqueWords,936,133,,,,
profession-origin,optometry__from-kazakhstan,REJECT,uniqueWords,936,133,,,,
profession-origin,optometry__from-kenya,REJECT,uniqueWords,936,133,,,,
profession-origin,optometry__from-kiribati,REJECT,uniqueWords,944,141,,,,
profession-origin,optometry__from-kosovo,REJECT,uniqueWords,944,141,,,,
profession-origin,optometry__from-kuwait,REJECT,uniqueWords,938,135,,,,
profession-origin,optometry__from-kyrgyzstan,REJECT,uniqueWords,938,135,,,,
profession-origin,optometry__from-laos,REJECT,uniqueWords,944,141,,,,
profession-origin,optometry__from-latvia,REJECT,uniqueWords,938,135,,,,
profession-origin,optometry__from-lebanon,REJECT,uniqueWords,944,141,,,,
profession-origin,optometry__from-lesotho,REJECT,uniqueWords,938,135,,,,
profession-origin,optometry__from-liberia,REJECT,uniqueWords,938,135,,,,
profession-origin,optometry__from-libya,REJECT,uniqueWords,944,141,,,,
profession-origin,optometry__from-liechtenstein,REJECT,uniqueWords,944,141,,,,
profession-origin,optometry__from-lithuania,REJECT,uniqueWords,944,141,,,,
profession-origin,optometry__from-luxembourg,REJECT,uniqueWords,938,135,,,,
profession-origin,optometry__from-madagascar,REJECT,uniqueWords,936,133,,,,
profession-origin,optometry__from-malawi,REJECT,uniqueWords,938,135,,,,
profession-origin,optometry__from-malaysia,REJECT,uniqueWords,938,135,,,,
profession-origin,optometry__from-maldives,REJECT,uniqueWords,938,135,,,,
profession-origin,optometry__from-mali,REJECT,uniqueWords,944,141,,,,
profession-origin,optometry__from-malta,REJECT,uniqueWords,944,141,,,,
profession-origin,optometry__from-marshall-islands,REJECT,uniqueWords,942,139,,,,
profession-origin,optometry__from-mauritania,REJECT,uniqueWords,944,141,,,,
profession-origin,optometry__from-mauritius,REJECT,uniqueWords,938,135,,,,
profession-origin,optometry__from-mexico,REJECT,uniqueWords,944,141,,,,
profession-origin,optometry__from-micronesia,REJECT,uniqueWords,936,133,,,,
profession-origin,optometry__from-moldova,REJECT,uniqueWords,936,133,,,,
profession-origin,optometry__from-monaco,REJECT,uniqueWords,944,141,,,,
profession-origin,optometry__from-mongolia,REJECT,uniqueWords,936,133,,,,
profession-origin,optometry__from-montenegro,REJECT,uniqueWords,936,133,,,,
profession-origin,optometry__from-morocco,REJECT,uniqueWords,936,133,,,,
profession-origin,optometry__from-mozambique,REJECT,uniqueWords,938,135,,,,
profession-origin,optometry__from-myanmar,REJECT,uniqueWords,944,141,,,,
profession-origin,optometry__from-namibia,REJECT,uniqueWords,938,135,,,,
profession-origin,optometry__from-nauru,REJECT,uniqueWords,944,141,,,,
profession-origin,optometry__from-nepal,REJECT,uniqueWords,936,133,,,,
profession-origin,optometry__from-netherlands,REJECT,uniqueWords,936,133,,,,
profession-origin,optometry__from-nicaragua,REJECT,uniqueWords,938,135,,,,
profession-origin,optometry__from-niger,REJECT,uniqueWords,944,141,,,,
profession-origin,optometry__from-nigeria,REJECT,uniqueWords,944,141,,,,
profession-origin,optometry__from-north-macedonia,REJECT,uniqueWords,948,145,,,,
profession-origin,optometry__from-norway,REJECT,uniqueWords,938,135,,,,
profession-origin,optometry__from-oman,REJECT,uniqueWords,938,135,,,,
profession-origin,optometry__from-pakistan,REJECT,uniqueWords,944,141,,,,
profession-origin,optometry__from-palau,REJECT,uniqueWords,938,135,,,,
profession-origin,optometry__from-palestine,REJECT,uniqueWords,944,141,,,,
profession-origin,optometry__from-panama,REJECT,uniqueWords,936,133,,,,
profession-origin,optometry__from-papua-new-guinea,REJECT,uniqueWords,946,143,,,,
profession-origin,optometry__from-paraguay,REJECT,uniqueWords,938,135,,,,
profession-origin,optometry__from-peru,REJECT,uniqueWords,936,133,,,,
profession-origin,optometry__from-philippines,REJECT,uniqueWords,944,141,,,,
profession-origin,optometry__from-poland,REJECT,uniqueWords,938,135,,,,
profession-origin,optometry__from-portugal,REJECT,uniqueWords,938,135,,,,
profession-origin,optometry__from-qatar,REJECT,uniqueWords,944,141,,,,
profession-origin,optometry__from-republic-of-congo,REJECT,uniqueWords,952,149,,,,
profession-origin,optometry__from-romania,REJECT,uniqueWords,944,141,,,,
profession-origin,optometry__from-russia,REJECT,uniqueWords,938,135,,,,
profession-origin,optometry__from-rwanda,REJECT,uniqueWords,938,135,,,,
profession-origin,optometry__from-saint-kitts-and-nevis,REJECT,uniqueWords,950,147,,,,
profession-origin,optometry__from-saint-lucia,REJECT,uniqueWords,942,139,,,,
profession-origin,optometry__from-saint-vincent-and-the-grenadines,REJECT,uniqueWords,954,151,,,,
profession-origin,optometry__from-samoa,REJECT,uniqueWords,944,141,,,,
profession-origin,optometry__from-san-marino,REJECT,uniqueWords,948,145,,,,
profession-origin,optometry__from-sao-tome-and-principe,REJECT,uniqueWords,950,147,,,,
profession-origin,optometry__from-saudi-arabia,REJECT,uniqueWords,942,139,,,,
profession-origin,optometry__from-senegal,REJECT,uniqueWords,944,141,,,,
profession-origin,optometry__from-serbia,REJECT,uniqueWords,938,135,,,,
profession-origin,optometry__from-seychelles,REJECT,uniqueWords,938,135,,,,
profession-origin,optometry__from-sierra-leone,REJECT,uniqueWords,942,139,,,,
profession-origin,optometry__from-singapore,REJECT,uniqueWords,936,133,,,,
profession-origin,optometry__from-slovakia,REJECT,uniqueWords,938,135,,,,
profession-origin,optometry__from-slovenia,REJECT,uniqueWords,944,141,,,,
profession-origin,optometry__from-solomon-islands,REJECT,uniqueWords,942,139,,,,
profession-origin,optometry__from-somalia,REJECT,uniqueWords,936,133,,,,
profession-origin,optometry__from-south-africa,REJECT,uniqueWords,942,139,,,,
profession-origin,optometry__from-south-korea,REJECT,uniqueWords,942,139,,,,
profession-origin,optometry__from-south-sudan,REJECT,uniqueWords,942,139,,,,
profession-origin,optometry__from-spain,REJECT,uniqueWords,944,141,,,,
profession-origin,optometry__from-sri-lanka,REJECT,uniqueWords,940,137,,,,
profession-origin,optometry__from-sudan,REJECT,uniqueWords,938,135,,,,
profession-origin,optometry__from-suriname,REJECT,uniqueWords,936,133,,,,
profession-origin,optometry__from-sweden,REJECT,uniqueWords,936,133,,,,
profession-origin,optometry__from-switzerland,REJECT,uniqueWords,938,135,,,,
profession-origin,optometry__from-syria,REJECT,uniqueWords,936,133,,,,
profession-origin,optometry__from-taiwan,REJECT,uniqueWords,936,133,,,,
profession-origin,optometry__from-tajikistan,REJECT,uniqueWords,936,133,,,,
profession-origin,optometry__from-tanzania,REJECT,uniqueWords,938,135,,,,
profession-origin,optometry__from-thailand,REJECT,uniqueWords,938,135,,,,
profession-origin,optometry__from-timor-leste,REJECT,uniqueWords,944,141,,,,
profession-origin,optometry__from-togo,REJECT,uniqueWords,938,135,,,,
profession-origin,optometry__from-tonga,REJECT,uniqueWords,944,141,,,,
profession-origin,optometry__from-trinidad-and-tobago,REJECT,uniqueWords,944,141,,,,
profession-origin,optometry__from-tunisia,REJECT,uniqueWords,938,135,,,,
profession-origin,optometry__from-turkiye,REJECT,uniqueWords,938,135,,,,
profession-origin,optometry__from-turkmenistan,REJECT,uniqueWords,938,135,,,,
profession-origin,optometry__from-tuvalu,REJECT,uniqueWords,944,141,,,,
profession-origin,optometry__from-uganda,REJECT,uniqueWords,936,133,,,,
profession-origin,optometry__from-ukraine,REJECT,uniqueWords,938,135,,,,
profession-origin,optometry__from-uruguay,REJECT,uniqueWords,938,135,,,,
profession-origin,optometry__from-uzbekistan,REJECT,uniqueWords,936,133,,,,
profession-origin,optometry__from-vanuatu,REJECT,uniqueWords,936,133,,,,
profession-origin,optometry__from-venezuela,REJECT,uniqueWords,944,141,,,,
profession-origin,optometry__from-vietnam,REJECT,uniqueWords,936,133,,,,
profession-origin,optometry__from-yemen,REJECT,uniqueWords,938,135,,,,
profession-origin,optometry__from-zambia,REJECT,uniqueWords,936,133,,,,
profession-origin,optometry__from-zimbabwe,REJECT,uniqueWords,938,135,,,,
profession-origin,pharmacy__from-afghanistan,REJECT,facts,1273,470,0,,,
profession-origin,pharmacy__from-albania,REJECT,facts,1273,470,0,,,
profession-origin,pharmacy__from-algeria,REJECT,facts,1281,478,0,,,
profession-origin,pharmacy__from-andorra,REJECT,facts,1281,478,0,,,
profession-origin,pharmacy__from-angola,REJECT,facts,1275,472,0,,,
profession-origin,pharmacy__from-antigua-and-barbuda,REJECT,facts,1289,486,0,,,
profession-origin,pharmacy__from-argentina,REJECT,facts,1275,472,0,,,
profession-origin,pharmacy__from-armenia,REJECT,facts,1281,478,0,,,
profession-origin,pharmacy__from-austria,REJECT,facts,1281,478,0,,,
profession-origin,pharmacy__from-azerbaijan,REJECT,facts,1275,472,0,,,
profession-origin,pharmacy__from-bahamas,REJECT,facts,1279,476,0,,,
profession-origin,pharmacy__from-bahrain,REJECT,facts,1281,478,0,,,
profession-origin,pharmacy__from-bangladesh,REJECT,facts,1275,472,0,,,
profession-origin,pharmacy__from-barbados,REJECT,facts,1275,472,0,,,
profession-origin,pharmacy__from-belarus,REJECT,facts,1273,470,0,,,
profession-origin,pharmacy__from-belgium,REJECT,facts,1275,472,0,,,
profession-origin,pharmacy__from-belize,REJECT,facts,1275,472,0,,,
profession-origin,pharmacy__from-benin,REJECT,facts,1273,470,0,,,
profession-origin,pharmacy__from-bhutan,REJECT,facts,1275,472,0,,,
profession-origin,pharmacy__from-bolivia,REJECT,facts,1273,470,0,,,
profession-origin,pharmacy__from-bosnia-and-herzegovina,REJECT,facts,1283,480,0,,,
profession-origin,pharmacy__from-botswana,REJECT,facts,1281,478,0,,,
profession-origin,pharmacy__from-brazil,REJECT,facts,1273,470,0,,,
profession-origin,pharmacy__from-brunei,REJECT,facts,1281,478,0,,,
profession-origin,pharmacy__from-bulgaria,REJECT,facts,1275,472,0,,,
profession-origin,pharmacy__from-burkina-faso,REJECT,facts,1277,474,0,,,
profession-origin,pharmacy__from-burundi,REJECT,facts,1281,478,0,,,
profession-origin,pharmacy__from-cambodia,REJECT,facts,1273,470,0,,,
profession-origin,pharmacy__from-cameroon,REJECT,facts,1275,472,0,,,
profession-origin,pharmacy__from-cape-verde,REJECT,facts,1279,476,0,,,
profession-origin,pharmacy__from-central-african-republic,REJECT,facts,1289,486,0,,,
profession-origin,pharmacy__from-chad,REJECT,facts,1273,470,0,,,
profession-origin,pharmacy__from-chile,REJECT,facts,1281,478,0,,,
profession-origin,pharmacy__from-china,REJECT,facts,1275,472,0,,,
profession-origin,pharmacy__from-colombia,REJECT,facts,1273,470,0,,,
profession-origin,pharmacy__from-comoros,REJECT,facts,1273,470,0,,,
profession-origin,pharmacy__from-cook-islands,REJECT,facts,1285,482,0,,,
profession-origin,pharmacy__from-costa-rica,REJECT,facts,1279,476,0,,,
profession-origin,pharmacy__from-cote-divoire,REJECT,facts,1279,476,0,,,
profession-origin,pharmacy__from-croatia,REJECT,facts,1275,472,0,,,
profession-origin,pharmacy__from-cuba,REJECT,facts,1281,478,0,,,
profession-origin,pharmacy__from-cyprus,REJECT,facts,1275,472,0,,,
profession-origin,pharmacy__from-czechia,REJECT,facts,1275,472,0,,,
profession-origin,pharmacy__from-denmark,REJECT,facts,1275,472,0,,,
profession-origin,pharmacy__from-djibouti,REJECT,facts,1275,472,0,,,
profession-origin,pharmacy__from-dominica,REJECT,facts,1273,470,0,,,
profession-origin,pharmacy__from-dominican-republic,REJECT,facts,1279,476,0,,,
profession-origin,pharmacy__from-dr-congo,REJECT,facts,1279,476,0,,,
profession-origin,pharmacy__from-ecuador,REJECT,facts,1281,478,0,,,
profession-origin,pharmacy__from-egypt,REJECT,facts,1275,472,0,,,
profession-origin,pharmacy__from-el-salvador,REJECT,facts,1277,474,0,,,
profession-origin,pharmacy__from-equatorial-guinea,REJECT,facts,1279,476,0,,,
profession-origin,pharmacy__from-eritrea,REJECT,facts,1275,472,0,,,
profession-origin,pharmacy__from-estonia,REJECT,facts,1281,478,0,,,
profession-origin,pharmacy__from-eswatini,REJECT,facts,1273,470,0,,,
profession-origin,pharmacy__from-ethiopia,REJECT,facts,1281,478,0,,,
profession-origin,pharmacy__from-fiji,REJECT,facts,1275,472,0,,,
profession-origin,pharmacy__from-finland,REJECT,facts,1275,472,0,,,
profession-origin,pharmacy__from-france,REJECT,facts,1275,472,0,,,
profession-origin,pharmacy__from-gabon,REJECT,facts,1275,472,0,,,
profession-origin,pharmacy__from-gambia,REJECT,facts,1279,476,0,,,
profession-origin,pharmacy__from-georgia,REJECT,facts,1275,472,0,,,
profession-origin,pharmacy__from-germany,REJECT,facts,1275,472,0,,,
profession-origin,pharmacy__from-ghana,REJECT,facts,1275,472,0,,,
profession-origin,pharmacy__from-greece,REJECT,facts,1281,478,0,,,
profession-origin,pharmacy__from-grenada,REJECT,facts,1275,472,0,,,
profession-origin,pharmacy__from-guatemala,REJECT,facts,1281,478,0,,,
profession-origin,pharmacy__from-guinea-bissau,REJECT,facts,1281,478,0,,,
profession-origin,pharmacy__from-guinea,REJECT,facts,1275,472,0,,,
profession-origin,pharmacy__from-guyana,REJECT,facts,1281,478,0,,,
profession-origin,pharmacy__from-haiti,REJECT,facts,1281,478,0,,,
profession-origin,pharmacy__from-honduras,REJECT,facts,1273,470,0,,,
profession-origin,pharmacy__from-hong-kong,REJECT,facts,1279,476,0,,,
profession-origin,pharmacy__from-hungary,REJECT,facts,1275,472,0,,,
profession-origin,pharmacy__from-iceland,REJECT,facts,1275,472,0,,,
profession-origin,pharmacy__from-india,REJECT,facts,1275,472,0,,,
profession-origin,pharmacy__from-indonesia,REJECT,facts,1273,470,0,,,
profession-origin,pharmacy__from-iran,REJECT,facts,1275,472,0,,,
profession-origin,pharmacy__from-iraq,REJECT,facts,1281,478,0,,,
profession-origin,pharmacy__from-ireland,REJECT,facts,1275,472,0,,,
profession-origin,pharmacy__from-israel,REJECT,facts,1273,470,0,,,
profession-origin,pharmacy__from-italy,REJECT,facts,1275,472,0,,,
profession-origin,pharmacy__from-jamaica,REJECT,facts,1273,470,0,,,
profession-origin,pharmacy__from-japan,REJECT,facts,1275,472,0,,,
profession-origin,pharmacy__from-jordan,REJECT,facts,1273,470,0,,,
profession-origin,pharmacy__from-kazakhstan,REJECT,facts,1273,470,0,,,
profession-origin,pharmacy__from-kenya,REJECT,facts,1273,470,0,,,
profession-origin,pharmacy__from-kiribati,REJECT,facts,1281,478,0,,,
profession-origin,pharmacy__from-kosovo,REJECT,facts,1281,478,0,,,
profession-origin,pharmacy__from-kuwait,REJECT,facts,1275,472,0,,,
profession-origin,pharmacy__from-kyrgyzstan,REJECT,facts,1275,472,0,,,
profession-origin,pharmacy__from-laos,REJECT,facts,1281,478,0,,,
profession-origin,pharmacy__from-latvia,REJECT,facts,1275,472,0,,,
profession-origin,pharmacy__from-lebanon,REJECT,facts,1281,478,0,,,
profession-origin,pharmacy__from-lesotho,REJECT,facts,1275,472,0,,,
profession-origin,pharmacy__from-liberia,REJECT,facts,1275,472,0,,,
profession-origin,pharmacy__from-libya,REJECT,facts,1281,478,0,,,
profession-origin,pharmacy__from-liechtenstein,REJECT,facts,1281,478,0,,,
profession-origin,pharmacy__from-lithuania,REJECT,facts,1281,478,0,,,
profession-origin,pharmacy__from-luxembourg,REJECT,facts,1275,472,0,,,
profession-origin,pharmacy__from-madagascar,REJECT,facts,1273,470,0,,,
profession-origin,pharmacy__from-malawi,REJECT,facts,1275,472,0,,,
profession-origin,pharmacy__from-malaysia,REJECT,facts,1275,472,0,,,
profession-origin,pharmacy__from-maldives,REJECT,facts,1275,472,0,,,
profession-origin,pharmacy__from-mali,REJECT,facts,1281,478,0,,,
profession-origin,pharmacy__from-malta,REJECT,facts,1281,478,0,,,
profession-origin,pharmacy__from-marshall-islands,REJECT,facts,1279,476,0,,,
profession-origin,pharmacy__from-mauritania,REJECT,facts,1281,478,0,,,
profession-origin,pharmacy__from-mauritius,REJECT,facts,1275,472,0,,,
profession-origin,pharmacy__from-mexico,REJECT,facts,1281,478,0,,,
profession-origin,pharmacy__from-micronesia,REJECT,facts,1273,470,0,,,
profession-origin,pharmacy__from-moldova,REJECT,facts,1273,470,0,,,
profession-origin,pharmacy__from-monaco,REJECT,facts,1281,478,0,,,
profession-origin,pharmacy__from-mongolia,REJECT,facts,1273,470,0,,,
profession-origin,pharmacy__from-montenegro,REJECT,facts,1273,470,0,,,
profession-origin,pharmacy__from-morocco,REJECT,facts,1273,470,0,,,
profession-origin,pharmacy__from-mozambique,REJECT,facts,1275,472,0,,,
profession-origin,pharmacy__from-myanmar,REJECT,facts,1281,478,0,,,
profession-origin,pharmacy__from-namibia,REJECT,facts,1275,472,0,,,
profession-origin,pharmacy__from-nauru,REJECT,facts,1281,478,0,,,
profession-origin,pharmacy__from-nepal,REJECT,facts,1273,470,0,,,
profession-origin,pharmacy__from-netherlands,REJECT,facts,1273,470,0,,,
profession-origin,pharmacy__from-nicaragua,REJECT,facts,1275,472,0,,,
profession-origin,pharmacy__from-niger,REJECT,facts,1281,478,0,,,
profession-origin,pharmacy__from-nigeria,REJECT,facts,1281,478,0,,,
profession-origin,pharmacy__from-north-macedonia,REJECT,facts,1285,482,0,,,
profession-origin,pharmacy__from-norway,REJECT,facts,1275,472,0,,,
profession-origin,pharmacy__from-oman,REJECT,facts,1275,472,0,,,
profession-origin,pharmacy__from-pakistan,REJECT,facts,1281,478,0,,,
profession-origin,pharmacy__from-palau,REJECT,facts,1275,472,0,,,
profession-origin,pharmacy__from-palestine,REJECT,facts,1281,478,0,,,
profession-origin,pharmacy__from-panama,REJECT,facts,1273,470,0,,,
profession-origin,pharmacy__from-papua-new-guinea,REJECT,facts,1283,480,0,,,
profession-origin,pharmacy__from-paraguay,REJECT,facts,1275,472,0,,,
profession-origin,pharmacy__from-peru,REJECT,facts,1273,470,0,,,
profession-origin,pharmacy__from-philippines,REJECT,facts,1281,478,0,,,
profession-origin,pharmacy__from-poland,REJECT,facts,1275,472,0,,,
profession-origin,pharmacy__from-portugal,REJECT,facts,1275,472,0,,,
profession-origin,pharmacy__from-qatar,REJECT,facts,1281,478,0,,,
profession-origin,pharmacy__from-republic-of-congo,REJECT,facts,1289,486,0,,,
profession-origin,pharmacy__from-romania,REJECT,facts,1281,478,0,,,
profession-origin,pharmacy__from-russia,REJECT,facts,1275,472,0,,,
profession-origin,pharmacy__from-rwanda,REJECT,facts,1275,472,0,,,
profession-origin,pharmacy__from-saint-kitts-and-nevis,REJECT,facts,1287,484,0,,,
profession-origin,pharmacy__from-saint-lucia,REJECT,facts,1279,476,0,,,
profession-origin,pharmacy__from-saint-vincent-and-the-grenadines,REJECT,facts,1291,488,0,,,
profession-origin,pharmacy__from-samoa,REJECT,facts,1281,478,0,,,
profession-origin,pharmacy__from-san-marino,REJECT,facts,1285,482,0,,,
profession-origin,pharmacy__from-sao-tome-and-principe,REJECT,facts,1287,484,0,,,
profession-origin,pharmacy__from-saudi-arabia,REJECT,facts,1279,476,0,,,
profession-origin,pharmacy__from-senegal,REJECT,facts,1281,478,0,,,
profession-origin,pharmacy__from-serbia,REJECT,facts,1275,472,0,,,
profession-origin,pharmacy__from-seychelles,REJECT,facts,1275,472,0,,,
profession-origin,pharmacy__from-sierra-leone,REJECT,facts,1279,476,0,,,
profession-origin,pharmacy__from-singapore,REJECT,facts,1273,470,0,,,
profession-origin,pharmacy__from-slovakia,REJECT,facts,1275,472,0,,,
profession-origin,pharmacy__from-slovenia,REJECT,facts,1281,478,0,,,
profession-origin,pharmacy__from-solomon-islands,REJECT,facts,1279,476,0,,,
profession-origin,pharmacy__from-somalia,REJECT,facts,1273,470,0,,,
profession-origin,pharmacy__from-south-africa,REJECT,facts,1279,476,0,,,
profession-origin,pharmacy__from-south-korea,REJECT,facts,1279,476,0,,,
profession-origin,pharmacy__from-south-sudan,REJECT,facts,1279,476,0,,,
profession-origin,pharmacy__from-spain,REJECT,facts,1281,478,0,,,
profession-origin,pharmacy__from-sri-lanka,REJECT,facts,1277,474,0,,,
profession-origin,pharmacy__from-sudan,REJECT,facts,1275,472,0,,,
profession-origin,pharmacy__from-suriname,REJECT,facts,1273,470,0,,,
profession-origin,pharmacy__from-sweden,REJECT,facts,1273,470,0,,,
profession-origin,pharmacy__from-switzerland,REJECT,facts,1275,472,0,,,
profession-origin,pharmacy__from-syria,REJECT,facts,1273,470,0,,,
profession-origin,pharmacy__from-taiwan,REJECT,facts,1273,470,0,,,
profession-origin,pharmacy__from-tajikistan,REJECT,facts,1273,470,0,,,
profession-origin,pharmacy__from-tanzania,REJECT,facts,1275,472,0,,,
profession-origin,pharmacy__from-thailand,REJECT,facts,1275,472,0,,,
profession-origin,pharmacy__from-timor-leste,REJECT,facts,1281,478,0,,,
profession-origin,pharmacy__from-togo,REJECT,facts,1275,472,0,,,
profession-origin,pharmacy__from-tonga,REJECT,facts,1281,478,0,,,
profession-origin,pharmacy__from-trinidad-and-tobago,REJECT,facts,1281,478,0,,,
profession-origin,pharmacy__from-tunisia,REJECT,facts,1275,472,0,,,
profession-origin,pharmacy__from-turkiye,REJECT,facts,1275,472,0,,,
profession-origin,pharmacy__from-turkmenistan,REJECT,facts,1275,472,0,,,
profession-origin,pharmacy__from-tuvalu,REJECT,facts,1281,478,0,,,
profession-origin,pharmacy__from-uganda,REJECT,facts,1273,470,0,,,
profession-origin,pharmacy__from-ukraine,REJECT,facts,1275,472,0,,,
profession-origin,pharmacy__from-uruguay,REJECT,facts,1275,472,0,,,
profession-origin,pharmacy__from-uzbekistan,REJECT,facts,1273,470,0,,,
profession-origin,pharmacy__from-vanuatu,REJECT,facts,1273,470,0,,,
profession-origin,pharmacy__from-venezuela,REJECT,facts,1281,478,0,,,
profession-origin,pharmacy__from-vietnam,REJECT,facts,1273,470,0,,,
profession-origin,pharmacy__from-yemen,REJECT,facts,1275,472,0,,,
profession-origin,pharmacy__from-zambia,REJECT,facts,1273,470,0,,,
profession-origin,pharmacy__from-zimbabwe,REJECT,facts,1275,472,0,,,
profession-origin,physiotherapy__from-afghanistan,REJECT,uniqueWords,1127,324,,,,
profession-origin,physiotherapy__from-albania,REJECT,uniqueWords,1127,324,,,,
profession-origin,physiotherapy__from-algeria,REJECT,uniqueWords,1135,332,,,,
profession-origin,physiotherapy__from-andorra,REJECT,uniqueWords,1135,332,,,,
profession-origin,physiotherapy__from-angola,REJECT,uniqueWords,1129,326,,,,
profession-origin,physiotherapy__from-antigua-and-barbuda,REJECT,uniqueWords,1143,340,,,,
profession-origin,physiotherapy__from-argentina,REJECT,uniqueWords,1129,326,,,,
profession-origin,physiotherapy__from-armenia,REJECT,uniqueWords,1135,332,,,,
profession-origin,physiotherapy__from-austria,REJECT,uniqueWords,1135,332,,,,
profession-origin,physiotherapy__from-azerbaijan,REJECT,uniqueWords,1129,326,,,,
profession-origin,physiotherapy__from-bahamas,REJECT,uniqueWords,1133,330,,,,
profession-origin,physiotherapy__from-bahrain,REJECT,uniqueWords,1135,332,,,,
profession-origin,physiotherapy__from-bangladesh,REJECT,uniqueWords,1129,326,,,,
profession-origin,physiotherapy__from-barbados,REJECT,uniqueWords,1129,326,,,,
profession-origin,physiotherapy__from-belarus,REJECT,uniqueWords,1127,324,,,,
profession-origin,physiotherapy__from-belgium,REJECT,uniqueWords,1129,326,,,,
profession-origin,physiotherapy__from-belize,REJECT,uniqueWords,1129,326,,,,
profession-origin,physiotherapy__from-benin,REJECT,uniqueWords,1127,324,,,,
profession-origin,physiotherapy__from-bhutan,REJECT,uniqueWords,1129,326,,,,
profession-origin,physiotherapy__from-bolivia,REJECT,uniqueWords,1127,324,,,,
profession-origin,physiotherapy__from-bosnia-and-herzegovina,REJECT,uniqueWords,1137,334,,,,
profession-origin,physiotherapy__from-botswana,REJECT,uniqueWords,1135,332,,,,
profession-origin,physiotherapy__from-brazil,REJECT,uniqueWords,1127,324,,,,
profession-origin,physiotherapy__from-brunei,REJECT,uniqueWords,1135,332,,,,
profession-origin,physiotherapy__from-bulgaria,REJECT,uniqueWords,1129,326,,,,
profession-origin,physiotherapy__from-burkina-faso,REJECT,uniqueWords,1131,328,,,,
profession-origin,physiotherapy__from-burundi,REJECT,uniqueWords,1135,332,,,,
profession-origin,physiotherapy__from-cambodia,REJECT,uniqueWords,1127,324,,,,
profession-origin,physiotherapy__from-cameroon,REJECT,uniqueWords,1129,326,,,,
profession-origin,physiotherapy__from-cape-verde,REJECT,uniqueWords,1133,330,,,,
profession-origin,physiotherapy__from-central-african-republic,REJECT,uniqueWords,1143,340,,,,
profession-origin,physiotherapy__from-chad,REJECT,uniqueWords,1127,324,,,,
profession-origin,physiotherapy__from-chile,REJECT,uniqueWords,1135,332,,,,
profession-origin,physiotherapy__from-china,REJECT,uniqueWords,1129,326,,,,
profession-origin,physiotherapy__from-colombia,REJECT,uniqueWords,1127,324,,,,
profession-origin,physiotherapy__from-comoros,REJECT,uniqueWords,1127,324,,,,
profession-origin,physiotherapy__from-cook-islands,REJECT,uniqueWords,1139,336,,,,
profession-origin,physiotherapy__from-costa-rica,REJECT,uniqueWords,1133,330,,,,
profession-origin,physiotherapy__from-cote-divoire,REJECT,uniqueWords,1133,330,,,,
profession-origin,physiotherapy__from-croatia,REJECT,uniqueWords,1129,326,,,,
profession-origin,physiotherapy__from-cuba,REJECT,uniqueWords,1135,332,,,,
profession-origin,physiotherapy__from-cyprus,REJECT,uniqueWords,1129,326,,,,
profession-origin,physiotherapy__from-czechia,REJECT,uniqueWords,1129,326,,,,
profession-origin,physiotherapy__from-denmark,REJECT,uniqueWords,1129,326,,,,
profession-origin,physiotherapy__from-djibouti,REJECT,uniqueWords,1129,326,,,,
profession-origin,physiotherapy__from-dominica,REJECT,uniqueWords,1127,324,,,,
profession-origin,physiotherapy__from-dominican-republic,REJECT,uniqueWords,1133,330,,,,
profession-origin,physiotherapy__from-dr-congo,REJECT,uniqueWords,1133,330,,,,
profession-origin,physiotherapy__from-ecuador,REJECT,uniqueWords,1135,332,,,,
profession-origin,physiotherapy__from-egypt,REJECT,uniqueWords,1129,326,,,,
profession-origin,physiotherapy__from-el-salvador,REJECT,uniqueWords,1131,328,,,,
profession-origin,physiotherapy__from-equatorial-guinea,REJECT,uniqueWords,1133,330,,,,
profession-origin,physiotherapy__from-eritrea,REJECT,uniqueWords,1129,326,,,,
profession-origin,physiotherapy__from-estonia,REJECT,uniqueWords,1135,332,,,,
profession-origin,physiotherapy__from-eswatini,REJECT,uniqueWords,1127,324,,,,
profession-origin,physiotherapy__from-ethiopia,REJECT,uniqueWords,1135,332,,,,
profession-origin,physiotherapy__from-fiji,REJECT,uniqueWords,1129,326,,,,
profession-origin,physiotherapy__from-finland,REJECT,uniqueWords,1129,326,,,,
profession-origin,physiotherapy__from-france,REJECT,uniqueWords,1129,326,,,,
profession-origin,physiotherapy__from-gabon,REJECT,uniqueWords,1129,326,,,,
profession-origin,physiotherapy__from-gambia,REJECT,uniqueWords,1133,330,,,,
profession-origin,physiotherapy__from-georgia,REJECT,uniqueWords,1129,326,,,,
profession-origin,physiotherapy__from-germany,REJECT,uniqueWords,1129,326,,,,
profession-origin,physiotherapy__from-ghana,REJECT,uniqueWords,1129,326,,,,
profession-origin,physiotherapy__from-greece,REJECT,uniqueWords,1135,332,,,,
profession-origin,physiotherapy__from-grenada,REJECT,uniqueWords,1129,326,,,,
profession-origin,physiotherapy__from-guatemala,REJECT,uniqueWords,1135,332,,,,
profession-origin,physiotherapy__from-guinea-bissau,REJECT,uniqueWords,1135,332,,,,
profession-origin,physiotherapy__from-guinea,REJECT,uniqueWords,1129,326,,,,
profession-origin,physiotherapy__from-guyana,REJECT,uniqueWords,1135,332,,,,
profession-origin,physiotherapy__from-haiti,REJECT,uniqueWords,1135,332,,,,
profession-origin,physiotherapy__from-honduras,REJECT,uniqueWords,1127,324,,,,
profession-origin,physiotherapy__from-hong-kong,REJECT,uniqueWords,1133,330,,,,
profession-origin,physiotherapy__from-hungary,REJECT,uniqueWords,1129,326,,,,
profession-origin,physiotherapy__from-iceland,REJECT,uniqueWords,1129,326,,,,
profession-origin,physiotherapy__from-india,REJECT,uniqueWords,1129,326,,,,
profession-origin,physiotherapy__from-indonesia,REJECT,uniqueWords,1127,324,,,,
profession-origin,physiotherapy__from-iran,REJECT,uniqueWords,1129,326,,,,
profession-origin,physiotherapy__from-iraq,REJECT,uniqueWords,1135,332,,,,
profession-origin,physiotherapy__from-ireland,REJECT,uniqueWords,1129,326,,,,
profession-origin,physiotherapy__from-israel,REJECT,uniqueWords,1127,324,,,,
profession-origin,physiotherapy__from-italy,REJECT,uniqueWords,1129,326,,,,
profession-origin,physiotherapy__from-jamaica,REJECT,uniqueWords,1127,324,,,,
profession-origin,physiotherapy__from-japan,REJECT,uniqueWords,1129,326,,,,
profession-origin,physiotherapy__from-jordan,REJECT,uniqueWords,1127,324,,,,
profession-origin,physiotherapy__from-kazakhstan,REJECT,uniqueWords,1127,324,,,,
profession-origin,physiotherapy__from-kenya,REJECT,uniqueWords,1127,324,,,,
profession-origin,physiotherapy__from-kiribati,REJECT,uniqueWords,1135,332,,,,
profession-origin,physiotherapy__from-kosovo,REJECT,uniqueWords,1135,332,,,,
profession-origin,physiotherapy__from-kuwait,REJECT,uniqueWords,1129,326,,,,
profession-origin,physiotherapy__from-kyrgyzstan,REJECT,uniqueWords,1129,326,,,,
profession-origin,physiotherapy__from-laos,REJECT,uniqueWords,1135,332,,,,
profession-origin,physiotherapy__from-latvia,REJECT,uniqueWords,1129,326,,,,
profession-origin,physiotherapy__from-lebanon,REJECT,uniqueWords,1135,332,,,,
profession-origin,physiotherapy__from-lesotho,REJECT,uniqueWords,1129,326,,,,
profession-origin,physiotherapy__from-liberia,REJECT,uniqueWords,1129,326,,,,
profession-origin,physiotherapy__from-libya,REJECT,uniqueWords,1135,332,,,,
profession-origin,physiotherapy__from-liechtenstein,REJECT,uniqueWords,1135,332,,,,
profession-origin,physiotherapy__from-lithuania,REJECT,uniqueWords,1135,332,,,,
profession-origin,physiotherapy__from-luxembourg,REJECT,uniqueWords,1129,326,,,,
profession-origin,physiotherapy__from-madagascar,REJECT,uniqueWords,1127,324,,,,
profession-origin,physiotherapy__from-malawi,REJECT,uniqueWords,1129,326,,,,
profession-origin,physiotherapy__from-malaysia,REJECT,uniqueWords,1129,326,,,,
profession-origin,physiotherapy__from-maldives,REJECT,uniqueWords,1129,326,,,,
profession-origin,physiotherapy__from-mali,REJECT,uniqueWords,1135,332,,,,
profession-origin,physiotherapy__from-malta,REJECT,uniqueWords,1135,332,,,,
profession-origin,physiotherapy__from-marshall-islands,REJECT,uniqueWords,1133,330,,,,
profession-origin,physiotherapy__from-mauritania,REJECT,uniqueWords,1135,332,,,,
profession-origin,physiotherapy__from-mauritius,REJECT,uniqueWords,1129,326,,,,
profession-origin,physiotherapy__from-mexico,REJECT,uniqueWords,1135,332,,,,
profession-origin,physiotherapy__from-micronesia,REJECT,uniqueWords,1127,324,,,,
profession-origin,physiotherapy__from-moldova,REJECT,uniqueWords,1127,324,,,,
profession-origin,physiotherapy__from-monaco,REJECT,uniqueWords,1135,332,,,,
profession-origin,physiotherapy__from-mongolia,REJECT,uniqueWords,1127,324,,,,
profession-origin,physiotherapy__from-montenegro,REJECT,uniqueWords,1127,324,,,,
profession-origin,physiotherapy__from-morocco,REJECT,uniqueWords,1127,324,,,,
profession-origin,physiotherapy__from-mozambique,REJECT,uniqueWords,1129,326,,,,
profession-origin,physiotherapy__from-myanmar,REJECT,uniqueWords,1135,332,,,,
profession-origin,physiotherapy__from-namibia,REJECT,uniqueWords,1129,326,,,,
profession-origin,physiotherapy__from-nauru,REJECT,uniqueWords,1135,332,,,,
profession-origin,physiotherapy__from-nepal,REJECT,uniqueWords,1127,324,,,,
profession-origin,physiotherapy__from-netherlands,REJECT,uniqueWords,1127,324,,,,
profession-origin,physiotherapy__from-nicaragua,REJECT,uniqueWords,1129,326,,,,
profession-origin,physiotherapy__from-niger,REJECT,uniqueWords,1135,332,,,,
profession-origin,physiotherapy__from-nigeria,REJECT,uniqueWords,1135,332,,,,
profession-origin,physiotherapy__from-north-macedonia,REJECT,uniqueWords,1139,336,,,,
profession-origin,physiotherapy__from-norway,REJECT,uniqueWords,1129,326,,,,
profession-origin,physiotherapy__from-oman,REJECT,uniqueWords,1129,326,,,,
profession-origin,physiotherapy__from-pakistan,REJECT,uniqueWords,1135,332,,,,
profession-origin,physiotherapy__from-palau,REJECT,uniqueWords,1129,326,,,,
profession-origin,physiotherapy__from-palestine,REJECT,uniqueWords,1135,332,,,,
profession-origin,physiotherapy__from-panama,REJECT,uniqueWords,1127,324,,,,
profession-origin,physiotherapy__from-papua-new-guinea,REJECT,uniqueWords,1137,334,,,,
profession-origin,physiotherapy__from-paraguay,REJECT,uniqueWords,1129,326,,,,
profession-origin,physiotherapy__from-peru,REJECT,uniqueWords,1127,324,,,,
profession-origin,physiotherapy__from-philippines,REJECT,uniqueWords,1135,332,,,,
profession-origin,physiotherapy__from-poland,REJECT,uniqueWords,1129,326,,,,
profession-origin,physiotherapy__from-portugal,REJECT,uniqueWords,1129,326,,,,
profession-origin,physiotherapy__from-qatar,REJECT,uniqueWords,1135,332,,,,
profession-origin,physiotherapy__from-republic-of-congo,REJECT,uniqueWords,1143,340,,,,
profession-origin,physiotherapy__from-romania,REJECT,uniqueWords,1135,332,,,,
profession-origin,physiotherapy__from-russia,REJECT,uniqueWords,1129,326,,,,
profession-origin,physiotherapy__from-rwanda,REJECT,uniqueWords,1129,326,,,,
profession-origin,physiotherapy__from-saint-kitts-and-nevis,REJECT,uniqueWords,1141,338,,,,
profession-origin,physiotherapy__from-saint-lucia,REJECT,uniqueWords,1133,330,,,,
profession-origin,physiotherapy__from-saint-vincent-and-the-grenadines,REJECT,uniqueWords,1145,342,,,,
profession-origin,physiotherapy__from-samoa,REJECT,uniqueWords,1135,332,,,,
profession-origin,physiotherapy__from-san-marino,REJECT,uniqueWords,1139,336,,,,
profession-origin,physiotherapy__from-sao-tome-and-principe,REJECT,uniqueWords,1141,338,,,,
profession-origin,physiotherapy__from-saudi-arabia,REJECT,uniqueWords,1133,330,,,,
profession-origin,physiotherapy__from-senegal,REJECT,uniqueWords,1135,332,,,,
profession-origin,physiotherapy__from-serbia,REJECT,uniqueWords,1129,326,,,,
profession-origin,physiotherapy__from-seychelles,REJECT,uniqueWords,1129,326,,,,
profession-origin,physiotherapy__from-sierra-leone,REJECT,uniqueWords,1133,330,,,,
profession-origin,physiotherapy__from-singapore,REJECT,uniqueWords,1127,324,,,,
profession-origin,physiotherapy__from-slovakia,REJECT,uniqueWords,1129,326,,,,
profession-origin,physiotherapy__from-slovenia,REJECT,uniqueWords,1135,332,,,,
profession-origin,physiotherapy__from-solomon-islands,REJECT,uniqueWords,1133,330,,,,
profession-origin,physiotherapy__from-somalia,REJECT,uniqueWords,1127,324,,,,
profession-origin,physiotherapy__from-south-africa,REJECT,uniqueWords,1133,330,,,,
profession-origin,physiotherapy__from-south-korea,REJECT,uniqueWords,1133,330,,,,
profession-origin,physiotherapy__from-south-sudan,REJECT,uniqueWords,1133,330,,,,
profession-origin,physiotherapy__from-spain,REJECT,uniqueWords,1135,332,,,,
profession-origin,physiotherapy__from-sri-lanka,REJECT,uniqueWords,1131,328,,,,
profession-origin,physiotherapy__from-sudan,REJECT,uniqueWords,1129,326,,,,
profession-origin,physiotherapy__from-suriname,REJECT,uniqueWords,1127,324,,,,
profession-origin,physiotherapy__from-sweden,REJECT,uniqueWords,1127,324,,,,
profession-origin,physiotherapy__from-switzerland,REJECT,uniqueWords,1129,326,,,,
profession-origin,physiotherapy__from-syria,REJECT,uniqueWords,1127,324,,,,
profession-origin,physiotherapy__from-taiwan,REJECT,uniqueWords,1127,324,,,,
profession-origin,physiotherapy__from-tajikistan,REJECT,uniqueWords,1127,324,,,,
profession-origin,physiotherapy__from-tanzania,REJECT,uniqueWords,1129,326,,,,
profession-origin,physiotherapy__from-thailand,REJECT,uniqueWords,1129,326,,,,
profession-origin,physiotherapy__from-timor-leste,REJECT,uniqueWords,1135,332,,,,
profession-origin,physiotherapy__from-togo,REJECT,uniqueWords,1129,326,,,,
profession-origin,physiotherapy__from-tonga,REJECT,uniqueWords,1135,332,,,,
profession-origin,physiotherapy__from-trinidad-and-tobago,REJECT,uniqueWords,1135,332,,,,
profession-origin,physiotherapy__from-tunisia,REJECT,uniqueWords,1129,326,,,,
profession-origin,physiotherapy__from-turkiye,REJECT,uniqueWords,1129,326,,,,
profession-origin,physiotherapy__from-turkmenistan,REJECT,uniqueWords,1129,326,,,,
profession-origin,physiotherapy__from-tuvalu,REJECT,uniqueWords,1135,332,,,,
profession-origin,physiotherapy__from-uganda,REJECT,uniqueWords,1127,324,,,,
profession-origin,physiotherapy__from-ukraine,REJECT,uniqueWords,1129,326,,,,
profession-origin,physiotherapy__from-uruguay,REJECT,uniqueWords,1129,326,,,,
profession-origin,physiotherapy__from-uzbekistan,REJECT,uniqueWords,1127,324,,,,
profession-origin,physiotherapy__from-vanuatu,REJECT,uniqueWords,1127,324,,,,
profession-origin,physiotherapy__from-venezuela,REJECT,uniqueWords,1135,332,,,,
profession-origin,physiotherapy__from-vietnam,REJECT,uniqueWords,1127,324,,,,
profession-origin,physiotherapy__from-yemen,REJECT,uniqueWords,1129,326,,,,
profession-origin,physiotherapy__from-zambia,REJECT,uniqueWords,1127,324,,,,
profession-origin,physiotherapy__from-zimbabwe,REJECT,uniqueWords,1129,326,,,,
profession-origin,podiatry__from-afghanistan,REJECT,uniqueWords,920,117,,,,
profession-origin,podiatry__from-albania,REJECT,uniqueWords,920,117,,,,
profession-origin,podiatry__from-algeria,REJECT,uniqueWords,928,125,,,,
profession-origin,podiatry__from-andorra,REJECT,uniqueWords,928,125,,,,
profession-origin,podiatry__from-angola,REJECT,uniqueWords,922,119,,,,
profession-origin,podiatry__from-antigua-and-barbuda,REJECT,uniqueWords,936,133,,,,
profession-origin,podiatry__from-argentina,REJECT,uniqueWords,922,119,,,,
profession-origin,podiatry__from-armenia,REJECT,uniqueWords,928,125,,,,
profession-origin,podiatry__from-austria,REJECT,uniqueWords,928,125,,,,
profession-origin,podiatry__from-azerbaijan,REJECT,uniqueWords,922,119,,,,
profession-origin,podiatry__from-bahamas,REJECT,uniqueWords,926,123,,,,
profession-origin,podiatry__from-bahrain,REJECT,uniqueWords,928,125,,,,
profession-origin,podiatry__from-bangladesh,REJECT,uniqueWords,922,119,,,,
profession-origin,podiatry__from-barbados,REJECT,uniqueWords,922,119,,,,
profession-origin,podiatry__from-belarus,REJECT,uniqueWords,920,117,,,,
profession-origin,podiatry__from-belgium,REJECT,uniqueWords,922,119,,,,
profession-origin,podiatry__from-belize,REJECT,uniqueWords,922,119,,,,
profession-origin,podiatry__from-benin,REJECT,uniqueWords,920,117,,,,
profession-origin,podiatry__from-bhutan,REJECT,uniqueWords,922,119,,,,
profession-origin,podiatry__from-bolivia,REJECT,uniqueWords,920,117,,,,
profession-origin,podiatry__from-bosnia-and-herzegovina,REJECT,uniqueWords,930,127,,,,
profession-origin,podiatry__from-botswana,REJECT,uniqueWords,928,125,,,,
profession-origin,podiatry__from-brazil,REJECT,uniqueWords,920,117,,,,
profession-origin,podiatry__from-brunei,REJECT,uniqueWords,928,125,,,,
profession-origin,podiatry__from-bulgaria,REJECT,uniqueWords,922,119,,,,
profession-origin,podiatry__from-burkina-faso,REJECT,uniqueWords,924,121,,,,
profession-origin,podiatry__from-burundi,REJECT,uniqueWords,928,125,,,,
profession-origin,podiatry__from-cambodia,REJECT,uniqueWords,920,117,,,,
profession-origin,podiatry__from-cameroon,REJECT,uniqueWords,922,119,,,,
profession-origin,podiatry__from-cape-verde,REJECT,uniqueWords,926,123,,,,
profession-origin,podiatry__from-central-african-republic,REJECT,uniqueWords,936,133,,,,
profession-origin,podiatry__from-chad,REJECT,uniqueWords,920,117,,,,
profession-origin,podiatry__from-chile,REJECT,uniqueWords,928,125,,,,
profession-origin,podiatry__from-china,REJECT,uniqueWords,922,119,,,,
profession-origin,podiatry__from-colombia,REJECT,uniqueWords,920,117,,,,
profession-origin,podiatry__from-comoros,REJECT,uniqueWords,920,117,,,,
profession-origin,podiatry__from-cook-islands,REJECT,uniqueWords,932,129,,,,
profession-origin,podiatry__from-costa-rica,REJECT,uniqueWords,926,123,,,,
profession-origin,podiatry__from-cote-divoire,REJECT,uniqueWords,926,123,,,,
profession-origin,podiatry__from-croatia,REJECT,uniqueWords,922,119,,,,
profession-origin,podiatry__from-cuba,REJECT,uniqueWords,928,125,,,,
profession-origin,podiatry__from-cyprus,REJECT,uniqueWords,922,119,,,,
profession-origin,podiatry__from-czechia,REJECT,uniqueWords,922,119,,,,
profession-origin,podiatry__from-denmark,REJECT,uniqueWords,922,119,,,,
profession-origin,podiatry__from-djibouti,REJECT,uniqueWords,922,119,,,,
profession-origin,podiatry__from-dominica,REJECT,uniqueWords,920,117,,,,
profession-origin,podiatry__from-dominican-republic,REJECT,uniqueWords,926,123,,,,
profession-origin,podiatry__from-dr-congo,REJECT,uniqueWords,926,123,,,,
profession-origin,podiatry__from-ecuador,REJECT,uniqueWords,928,125,,,,
profession-origin,podiatry__from-egypt,REJECT,uniqueWords,922,119,,,,
profession-origin,podiatry__from-el-salvador,REJECT,uniqueWords,924,121,,,,
profession-origin,podiatry__from-equatorial-guinea,REJECT,uniqueWords,926,123,,,,
profession-origin,podiatry__from-eritrea,REJECT,uniqueWords,922,119,,,,
profession-origin,podiatry__from-estonia,REJECT,uniqueWords,928,125,,,,
profession-origin,podiatry__from-eswatini,REJECT,uniqueWords,920,117,,,,
profession-origin,podiatry__from-ethiopia,REJECT,uniqueWords,928,125,,,,
profession-origin,podiatry__from-fiji,REJECT,uniqueWords,922,119,,,,
profession-origin,podiatry__from-finland,REJECT,uniqueWords,922,119,,,,
profession-origin,podiatry__from-france,REJECT,uniqueWords,922,119,,,,
profession-origin,podiatry__from-gabon,REJECT,uniqueWords,922,119,,,,
profession-origin,podiatry__from-gambia,REJECT,uniqueWords,926,123,,,,
profession-origin,podiatry__from-georgia,REJECT,uniqueWords,922,119,,,,
profession-origin,podiatry__from-germany,REJECT,uniqueWords,922,119,,,,
profession-origin,podiatry__from-ghana,REJECT,uniqueWords,922,119,,,,
profession-origin,podiatry__from-greece,REJECT,uniqueWords,928,125,,,,
profession-origin,podiatry__from-grenada,REJECT,uniqueWords,922,119,,,,
profession-origin,podiatry__from-guatemala,REJECT,uniqueWords,928,125,,,,
profession-origin,podiatry__from-guinea-bissau,REJECT,uniqueWords,928,125,,,,
profession-origin,podiatry__from-guinea,REJECT,uniqueWords,922,119,,,,
profession-origin,podiatry__from-guyana,REJECT,uniqueWords,928,125,,,,
profession-origin,podiatry__from-haiti,REJECT,uniqueWords,928,125,,,,
profession-origin,podiatry__from-honduras,REJECT,uniqueWords,920,117,,,,
profession-origin,podiatry__from-hong-kong,REJECT,uniqueWords,926,123,,,,
profession-origin,podiatry__from-hungary,REJECT,uniqueWords,922,119,,,,
profession-origin,podiatry__from-iceland,REJECT,uniqueWords,922,119,,,,
profession-origin,podiatry__from-india,REJECT,uniqueWords,922,119,,,,
profession-origin,podiatry__from-indonesia,REJECT,uniqueWords,920,117,,,,
profession-origin,podiatry__from-iran,REJECT,uniqueWords,922,119,,,,
profession-origin,podiatry__from-iraq,REJECT,uniqueWords,928,125,,,,
profession-origin,podiatry__from-ireland,REJECT,uniqueWords,922,119,,,,
profession-origin,podiatry__from-israel,REJECT,uniqueWords,920,117,,,,
profession-origin,podiatry__from-italy,REJECT,uniqueWords,922,119,,,,
profession-origin,podiatry__from-jamaica,REJECT,uniqueWords,920,117,,,,
profession-origin,podiatry__from-japan,REJECT,uniqueWords,922,119,,,,
profession-origin,podiatry__from-jordan,REJECT,uniqueWords,920,117,,,,
profession-origin,podiatry__from-kazakhstan,REJECT,uniqueWords,920,117,,,,
profession-origin,podiatry__from-kenya,REJECT,uniqueWords,920,117,,,,
profession-origin,podiatry__from-kiribati,REJECT,uniqueWords,928,125,,,,
profession-origin,podiatry__from-kosovo,REJECT,uniqueWords,928,125,,,,
profession-origin,podiatry__from-kuwait,REJECT,uniqueWords,922,119,,,,
profession-origin,podiatry__from-kyrgyzstan,REJECT,uniqueWords,922,119,,,,
profession-origin,podiatry__from-laos,REJECT,uniqueWords,928,125,,,,
profession-origin,podiatry__from-latvia,REJECT,uniqueWords,922,119,,,,
profession-origin,podiatry__from-lebanon,REJECT,uniqueWords,928,125,,,,
profession-origin,podiatry__from-lesotho,REJECT,uniqueWords,922,119,,,,
profession-origin,podiatry__from-liberia,REJECT,uniqueWords,922,119,,,,
profession-origin,podiatry__from-libya,REJECT,uniqueWords,928,125,,,,
profession-origin,podiatry__from-liechtenstein,REJECT,uniqueWords,928,125,,,,
profession-origin,podiatry__from-lithuania,REJECT,uniqueWords,928,125,,,,
profession-origin,podiatry__from-luxembourg,REJECT,uniqueWords,922,119,,,,
profession-origin,podiatry__from-madagascar,REJECT,uniqueWords,920,117,,,,
profession-origin,podiatry__from-malawi,REJECT,uniqueWords,922,119,,,,
profession-origin,podiatry__from-malaysia,REJECT,uniqueWords,922,119,,,,
profession-origin,podiatry__from-maldives,REJECT,uniqueWords,922,119,,,,
profession-origin,podiatry__from-mali,REJECT,uniqueWords,928,125,,,,
profession-origin,podiatry__from-malta,REJECT,uniqueWords,928,125,,,,
profession-origin,podiatry__from-marshall-islands,REJECT,uniqueWords,926,123,,,,
profession-origin,podiatry__from-mauritania,REJECT,uniqueWords,928,125,,,,
profession-origin,podiatry__from-mauritius,REJECT,uniqueWords,922,119,,,,
profession-origin,podiatry__from-mexico,REJECT,uniqueWords,928,125,,,,
profession-origin,podiatry__from-micronesia,REJECT,uniqueWords,920,117,,,,
profession-origin,podiatry__from-moldova,REJECT,uniqueWords,920,117,,,,
profession-origin,podiatry__from-monaco,REJECT,uniqueWords,928,125,,,,
profession-origin,podiatry__from-mongolia,REJECT,uniqueWords,920,117,,,,
profession-origin,podiatry__from-montenegro,REJECT,uniqueWords,920,117,,,,
profession-origin,podiatry__from-morocco,REJECT,uniqueWords,920,117,,,,
profession-origin,podiatry__from-mozambique,REJECT,uniqueWords,922,119,,,,
profession-origin,podiatry__from-myanmar,REJECT,uniqueWords,928,125,,,,
profession-origin,podiatry__from-namibia,REJECT,uniqueWords,922,119,,,,
profession-origin,podiatry__from-nauru,REJECT,uniqueWords,928,125,,,,
profession-origin,podiatry__from-nepal,REJECT,uniqueWords,920,117,,,,
profession-origin,podiatry__from-netherlands,REJECT,uniqueWords,920,117,,,,
profession-origin,podiatry__from-nicaragua,REJECT,uniqueWords,922,119,,,,
profession-origin,podiatry__from-niger,REJECT,uniqueWords,928,125,,,,
profession-origin,podiatry__from-nigeria,REJECT,uniqueWords,928,125,,,,
profession-origin,podiatry__from-north-macedonia,REJECT,uniqueWords,932,129,,,,
profession-origin,podiatry__from-norway,REJECT,uniqueWords,922,119,,,,
profession-origin,podiatry__from-oman,REJECT,uniqueWords,922,119,,,,
profession-origin,podiatry__from-pakistan,REJECT,uniqueWords,928,125,,,,
profession-origin,podiatry__from-palau,REJECT,uniqueWords,922,119,,,,
profession-origin,podiatry__from-palestine,REJECT,uniqueWords,928,125,,,,
profession-origin,podiatry__from-panama,REJECT,uniqueWords,920,117,,,,
profession-origin,podiatry__from-papua-new-guinea,REJECT,uniqueWords,930,127,,,,
profession-origin,podiatry__from-paraguay,REJECT,uniqueWords,922,119,,,,
profession-origin,podiatry__from-peru,REJECT,uniqueWords,920,117,,,,
profession-origin,podiatry__from-philippines,REJECT,uniqueWords,928,125,,,,
profession-origin,podiatry__from-poland,REJECT,uniqueWords,922,119,,,,
profession-origin,podiatry__from-portugal,REJECT,uniqueWords,922,119,,,,
profession-origin,podiatry__from-qatar,REJECT,uniqueWords,928,125,,,,
profession-origin,podiatry__from-republic-of-congo,REJECT,uniqueWords,936,133,,,,
profession-origin,podiatry__from-romania,REJECT,uniqueWords,928,125,,,,
profession-origin,podiatry__from-russia,REJECT,uniqueWords,922,119,,,,
profession-origin,podiatry__from-rwanda,REJECT,uniqueWords,922,119,,,,
profession-origin,podiatry__from-saint-kitts-and-nevis,REJECT,uniqueWords,934,131,,,,
profession-origin,podiatry__from-saint-lucia,REJECT,uniqueWords,926,123,,,,
profession-origin,podiatry__from-saint-vincent-and-the-grenadines,REJECT,uniqueWords,938,135,,,,
profession-origin,podiatry__from-samoa,REJECT,uniqueWords,928,125,,,,
profession-origin,podiatry__from-san-marino,REJECT,uniqueWords,932,129,,,,
profession-origin,podiatry__from-sao-tome-and-principe,REJECT,uniqueWords,934,131,,,,
profession-origin,podiatry__from-saudi-arabia,REJECT,uniqueWords,926,123,,,,
profession-origin,podiatry__from-senegal,REJECT,uniqueWords,928,125,,,,
profession-origin,podiatry__from-serbia,REJECT,uniqueWords,922,119,,,,
profession-origin,podiatry__from-seychelles,REJECT,uniqueWords,922,119,,,,
profession-origin,podiatry__from-sierra-leone,REJECT,uniqueWords,926,123,,,,
profession-origin,podiatry__from-singapore,REJECT,uniqueWords,920,117,,,,
profession-origin,podiatry__from-slovakia,REJECT,uniqueWords,922,119,,,,
profession-origin,podiatry__from-slovenia,REJECT,uniqueWords,928,125,,,,
profession-origin,podiatry__from-solomon-islands,REJECT,uniqueWords,926,123,,,,
profession-origin,podiatry__from-somalia,REJECT,uniqueWords,920,117,,,,
profession-origin,podiatry__from-south-africa,REJECT,uniqueWords,926,123,,,,
profession-origin,podiatry__from-south-korea,REJECT,uniqueWords,926,123,,,,
profession-origin,podiatry__from-south-sudan,REJECT,uniqueWords,926,123,,,,
profession-origin,podiatry__from-spain,REJECT,uniqueWords,928,125,,,,
profession-origin,podiatry__from-sri-lanka,REJECT,uniqueWords,924,121,,,,
profession-origin,podiatry__from-sudan,REJECT,uniqueWords,922,119,,,,
profession-origin,podiatry__from-suriname,REJECT,uniqueWords,920,117,,,,
profession-origin,podiatry__from-sweden,REJECT,uniqueWords,920,117,,,,
profession-origin,podiatry__from-switzerland,REJECT,uniqueWords,922,119,,,,
profession-origin,podiatry__from-syria,REJECT,uniqueWords,920,117,,,,
profession-origin,podiatry__from-taiwan,REJECT,uniqueWords,920,117,,,,
profession-origin,podiatry__from-tajikistan,REJECT,uniqueWords,920,117,,,,
profession-origin,podiatry__from-tanzania,REJECT,uniqueWords,922,119,,,,
profession-origin,podiatry__from-thailand,REJECT,uniqueWords,922,119,,,,
profession-origin,podiatry__from-timor-leste,REJECT,uniqueWords,928,125,,,,
profession-origin,podiatry__from-togo,REJECT,uniqueWords,922,119,,,,
profession-origin,podiatry__from-tonga,REJECT,uniqueWords,928,125,,,,
profession-origin,podiatry__from-trinidad-and-tobago,REJECT,uniqueWords,928,125,,,,
profession-origin,podiatry__from-tunisia,REJECT,uniqueWords,922,119,,,,
profession-origin,podiatry__from-turkiye,REJECT,uniqueWords,922,119,,,,
profession-origin,podiatry__from-turkmenistan,REJECT,uniqueWords,922,119,,,,
profession-origin,podiatry__from-tuvalu,REJECT,uniqueWords,928,125,,,,
profession-origin,podiatry__from-uganda,REJECT,uniqueWords,920,117,,,,
profession-origin,podiatry__from-ukraine,REJECT,uniqueWords,922,119,,,,
profession-origin,podiatry__from-uruguay,REJECT,uniqueWords,922,119,,,,
profession-origin,podiatry__from-uzbekistan,REJECT,uniqueWords,920,117,,,,
profession-origin,podiatry__from-vanuatu,REJECT,uniqueWords,920,117,,,,
profession-origin,podiatry__from-venezuela,REJECT,uniqueWords,928,125,,,,
profession-origin,podiatry__from-vietnam,REJECT,uniqueWords,920,117,,,,
profession-origin,podiatry__from-yemen,REJECT,uniqueWords,922,119,,,,
profession-origin,podiatry__from-zambia,REJECT,uniqueWords,920,117,,,,
profession-origin,podiatry__from-zimbabwe,REJECT,uniqueWords,922,119,,,,
profession-origin,radiography__from-afghanistan,REJECT,uniqueWords,982,179,,,,
profession-origin,radiography__from-albania,REJECT,uniqueWords,982,179,,,,
profession-origin,radiography__from-algeria,REJECT,uniqueWords,990,187,,,,
profession-origin,radiography__from-andorra,REJECT,uniqueWords,990,187,,,,
profession-origin,radiography__from-angola,REJECT,uniqueWords,984,181,,,,
profession-origin,radiography__from-antigua-and-barbuda,REJECT,uniqueWords,998,195,,,,
profession-origin,radiography__from-argentina,REJECT,uniqueWords,984,181,,,,
profession-origin,radiography__from-armenia,REJECT,uniqueWords,990,187,,,,
profession-origin,radiography__from-austria,REJECT,uniqueWords,990,187,,,,
profession-origin,radiography__from-azerbaijan,REJECT,uniqueWords,984,181,,,,
profession-origin,radiography__from-bahamas,REJECT,uniqueWords,988,185,,,,
profession-origin,radiography__from-bahrain,REJECT,uniqueWords,990,187,,,,
profession-origin,radiography__from-bangladesh,REJECT,uniqueWords,984,181,,,,
profession-origin,radiography__from-barbados,REJECT,uniqueWords,984,181,,,,
profession-origin,radiography__from-belarus,REJECT,uniqueWords,982,179,,,,
profession-origin,radiography__from-belgium,REJECT,uniqueWords,984,181,,,,
profession-origin,radiography__from-belize,REJECT,uniqueWords,984,181,,,,
profession-origin,radiography__from-benin,REJECT,uniqueWords,982,179,,,,
profession-origin,radiography__from-bhutan,REJECT,uniqueWords,984,181,,,,
profession-origin,radiography__from-bolivia,REJECT,uniqueWords,982,179,,,,
profession-origin,radiography__from-bosnia-and-herzegovina,REJECT,uniqueWords,992,189,,,,
profession-origin,radiography__from-botswana,REJECT,uniqueWords,990,187,,,,
profession-origin,radiography__from-brazil,REJECT,uniqueWords,982,179,,,,
profession-origin,radiography__from-brunei,REJECT,uniqueWords,990,187,,,,
profession-origin,radiography__from-bulgaria,REJECT,uniqueWords,984,181,,,,
profession-origin,radiography__from-burkina-faso,REJECT,uniqueWords,986,183,,,,
profession-origin,radiography__from-burundi,REJECT,uniqueWords,990,187,,,,
profession-origin,radiography__from-cambodia,REJECT,uniqueWords,982,179,,,,
profession-origin,radiography__from-cameroon,REJECT,uniqueWords,984,181,,,,
profession-origin,radiography__from-cape-verde,REJECT,uniqueWords,988,185,,,,
profession-origin,radiography__from-central-african-republic,REJECT,uniqueWords,998,195,,,,
profession-origin,radiography__from-chad,REJECT,uniqueWords,982,179,,,,
profession-origin,radiography__from-chile,REJECT,uniqueWords,990,187,,,,
profession-origin,radiography__from-china,REJECT,uniqueWords,984,181,,,,
profession-origin,radiography__from-colombia,REJECT,uniqueWords,982,179,,,,
profession-origin,radiography__from-comoros,REJECT,uniqueWords,982,179,,,,
profession-origin,radiography__from-cook-islands,REJECT,uniqueWords,994,191,,,,
profession-origin,radiography__from-costa-rica,REJECT,uniqueWords,988,185,,,,
profession-origin,radiography__from-cote-divoire,REJECT,uniqueWords,988,185,,,,
profession-origin,radiography__from-croatia,REJECT,uniqueWords,984,181,,,,
profession-origin,radiography__from-cuba,REJECT,uniqueWords,990,187,,,,
profession-origin,radiography__from-cyprus,REJECT,uniqueWords,984,181,,,,
profession-origin,radiography__from-czechia,REJECT,uniqueWords,984,181,,,,
profession-origin,radiography__from-denmark,REJECT,uniqueWords,984,181,,,,
profession-origin,radiography__from-djibouti,REJECT,uniqueWords,984,181,,,,
profession-origin,radiography__from-dominica,REJECT,uniqueWords,982,179,,,,
profession-origin,radiography__from-dominican-republic,REJECT,uniqueWords,988,185,,,,
profession-origin,radiography__from-dr-congo,REJECT,uniqueWords,988,185,,,,
profession-origin,radiography__from-ecuador,REJECT,uniqueWords,990,187,,,,
profession-origin,radiography__from-egypt,REJECT,uniqueWords,984,181,,,,
profession-origin,radiography__from-el-salvador,REJECT,uniqueWords,986,183,,,,
profession-origin,radiography__from-equatorial-guinea,REJECT,uniqueWords,988,185,,,,
profession-origin,radiography__from-eritrea,REJECT,uniqueWords,984,181,,,,
profession-origin,radiography__from-estonia,REJECT,uniqueWords,990,187,,,,
profession-origin,radiography__from-eswatini,REJECT,uniqueWords,982,179,,,,
profession-origin,radiography__from-ethiopia,REJECT,uniqueWords,990,187,,,,
profession-origin,radiography__from-fiji,REJECT,uniqueWords,984,181,,,,
profession-origin,radiography__from-finland,REJECT,uniqueWords,984,181,,,,
profession-origin,radiography__from-france,REJECT,uniqueWords,984,181,,,,
profession-origin,radiography__from-gabon,REJECT,uniqueWords,984,181,,,,
profession-origin,radiography__from-gambia,REJECT,uniqueWords,988,185,,,,
profession-origin,radiography__from-georgia,REJECT,uniqueWords,984,181,,,,
profession-origin,radiography__from-germany,REJECT,uniqueWords,984,181,,,,
profession-origin,radiography__from-ghana,REJECT,uniqueWords,984,181,,,,
profession-origin,radiography__from-greece,REJECT,uniqueWords,990,187,,,,
profession-origin,radiography__from-grenada,REJECT,uniqueWords,984,181,,,,
profession-origin,radiography__from-guatemala,REJECT,uniqueWords,990,187,,,,
profession-origin,radiography__from-guinea-bissau,REJECT,uniqueWords,990,187,,,,
profession-origin,radiography__from-guinea,REJECT,uniqueWords,984,181,,,,
profession-origin,radiography__from-guyana,REJECT,uniqueWords,990,187,,,,
profession-origin,radiography__from-haiti,REJECT,uniqueWords,990,187,,,,
profession-origin,radiography__from-honduras,REJECT,uniqueWords,982,179,,,,
profession-origin,radiography__from-hong-kong,REJECT,uniqueWords,988,185,,,,
profession-origin,radiography__from-hungary,REJECT,uniqueWords,984,181,,,,
profession-origin,radiography__from-iceland,REJECT,uniqueWords,984,181,,,,
profession-origin,radiography__from-india,REJECT,uniqueWords,984,181,,,,
profession-origin,radiography__from-indonesia,REJECT,uniqueWords,982,179,,,,
profession-origin,radiography__from-iran,REJECT,uniqueWords,984,181,,,,
profession-origin,radiography__from-iraq,REJECT,uniqueWords,990,187,,,,
profession-origin,radiography__from-ireland,REJECT,uniqueWords,984,181,,,,
profession-origin,radiography__from-israel,REJECT,uniqueWords,982,179,,,,
profession-origin,radiography__from-italy,REJECT,uniqueWords,984,181,,,,
profession-origin,radiography__from-jamaica,REJECT,uniqueWords,982,179,,,,
profession-origin,radiography__from-japan,REJECT,uniqueWords,984,181,,,,
profession-origin,radiography__from-jordan,REJECT,uniqueWords,982,179,,,,
profession-origin,radiography__from-kazakhstan,REJECT,uniqueWords,982,179,,,,
profession-origin,radiography__from-kenya,REJECT,uniqueWords,982,179,,,,
profession-origin,radiography__from-kiribati,REJECT,uniqueWords,990,187,,,,
profession-origin,radiography__from-kosovo,REJECT,uniqueWords,990,187,,,,
profession-origin,radiography__from-kuwait,REJECT,uniqueWords,984,181,,,,
profession-origin,radiography__from-kyrgyzstan,REJECT,uniqueWords,984,181,,,,
profession-origin,radiography__from-laos,REJECT,uniqueWords,990,187,,,,
profession-origin,radiography__from-latvia,REJECT,uniqueWords,984,181,,,,
profession-origin,radiography__from-lebanon,REJECT,uniqueWords,990,187,,,,
profession-origin,radiography__from-lesotho,REJECT,uniqueWords,984,181,,,,
profession-origin,radiography__from-liberia,REJECT,uniqueWords,984,181,,,,
profession-origin,radiography__from-libya,REJECT,uniqueWords,990,187,,,,
profession-origin,radiography__from-liechtenstein,REJECT,uniqueWords,990,187,,,,
profession-origin,radiography__from-lithuania,REJECT,uniqueWords,990,187,,,,
profession-origin,radiography__from-luxembourg,REJECT,uniqueWords,984,181,,,,
profession-origin,radiography__from-madagascar,REJECT,uniqueWords,982,179,,,,
profession-origin,radiography__from-malawi,REJECT,uniqueWords,984,181,,,,
profession-origin,radiography__from-malaysia,REJECT,uniqueWords,984,181,,,,
profession-origin,radiography__from-maldives,REJECT,uniqueWords,984,181,,,,
profession-origin,radiography__from-mali,REJECT,uniqueWords,990,187,,,,
profession-origin,radiography__from-malta,REJECT,uniqueWords,990,187,,,,
profession-origin,radiography__from-marshall-islands,REJECT,uniqueWords,988,185,,,,
profession-origin,radiography__from-mauritania,REJECT,uniqueWords,990,187,,,,
profession-origin,radiography__from-mauritius,REJECT,uniqueWords,984,181,,,,
profession-origin,radiography__from-mexico,REJECT,uniqueWords,990,187,,,,
profession-origin,radiography__from-micronesia,REJECT,uniqueWords,982,179,,,,
profession-origin,radiography__from-moldova,REJECT,uniqueWords,982,179,,,,
profession-origin,radiography__from-monaco,REJECT,uniqueWords,990,187,,,,
profession-origin,radiography__from-mongolia,REJECT,uniqueWords,982,179,,,,
profession-origin,radiography__from-montenegro,REJECT,uniqueWords,982,179,,,,
profession-origin,radiography__from-morocco,REJECT,uniqueWords,982,179,,,,
profession-origin,radiography__from-mozambique,REJECT,uniqueWords,984,181,,,,
profession-origin,radiography__from-myanmar,REJECT,uniqueWords,990,187,,,,
profession-origin,radiography__from-namibia,REJECT,uniqueWords,984,181,,,,
profession-origin,radiography__from-nauru,REJECT,uniqueWords,990,187,,,,
profession-origin,radiography__from-nepal,REJECT,uniqueWords,982,179,,,,
profession-origin,radiography__from-netherlands,REJECT,uniqueWords,982,179,,,,
profession-origin,radiography__from-nicaragua,REJECT,uniqueWords,984,181,,,,
profession-origin,radiography__from-niger,REJECT,uniqueWords,990,187,,,,
profession-origin,radiography__from-nigeria,REJECT,uniqueWords,990,187,,,,
profession-origin,radiography__from-north-macedonia,REJECT,uniqueWords,994,191,,,,
profession-origin,radiography__from-norway,REJECT,uniqueWords,984,181,,,,
profession-origin,radiography__from-oman,REJECT,uniqueWords,984,181,,,,
profession-origin,radiography__from-pakistan,REJECT,uniqueWords,990,187,,,,
profession-origin,radiography__from-palau,REJECT,uniqueWords,984,181,,,,
profession-origin,radiography__from-palestine,REJECT,uniqueWords,990,187,,,,
profession-origin,radiography__from-panama,REJECT,uniqueWords,982,179,,,,
profession-origin,radiography__from-papua-new-guinea,REJECT,uniqueWords,992,189,,,,
profession-origin,radiography__from-paraguay,REJECT,uniqueWords,984,181,,,,
profession-origin,radiography__from-peru,REJECT,uniqueWords,982,179,,,,
profession-origin,radiography__from-philippines,REJECT,uniqueWords,990,187,,,,
profession-origin,radiography__from-poland,REJECT,uniqueWords,984,181,,,,
profession-origin,radiography__from-portugal,REJECT,uniqueWords,984,181,,,,
profession-origin,radiography__from-qatar,REJECT,uniqueWords,990,187,,,,
profession-origin,radiography__from-republic-of-congo,REJECT,uniqueWords,998,195,,,,
profession-origin,radiography__from-romania,REJECT,uniqueWords,990,187,,,,
profession-origin,radiography__from-russia,REJECT,uniqueWords,984,181,,,,
profession-origin,radiography__from-rwanda,REJECT,uniqueWords,984,181,,,,
profession-origin,radiography__from-saint-kitts-and-nevis,REJECT,uniqueWords,996,193,,,,
profession-origin,radiography__from-saint-lucia,REJECT,uniqueWords,988,185,,,,
profession-origin,radiography__from-saint-vincent-and-the-grenadines,REJECT,uniqueWords,1000,197,,,,
profession-origin,radiography__from-samoa,REJECT,uniqueWords,990,187,,,,
profession-origin,radiography__from-san-marino,REJECT,uniqueWords,994,191,,,,
profession-origin,radiography__from-sao-tome-and-principe,REJECT,uniqueWords,996,193,,,,
profession-origin,radiography__from-saudi-arabia,REJECT,uniqueWords,988,185,,,,
profession-origin,radiography__from-senegal,REJECT,uniqueWords,990,187,,,,
profession-origin,radiography__from-serbia,REJECT,uniqueWords,984,181,,,,
profession-origin,radiography__from-seychelles,REJECT,uniqueWords,984,181,,,,
profession-origin,radiography__from-sierra-leone,REJECT,uniqueWords,988,185,,,,
profession-origin,radiography__from-singapore,REJECT,uniqueWords,982,179,,,,
profession-origin,radiography__from-slovakia,REJECT,uniqueWords,984,181,,,,
profession-origin,radiography__from-slovenia,REJECT,uniqueWords,990,187,,,,
profession-origin,radiography__from-solomon-islands,REJECT,uniqueWords,988,185,,,,
profession-origin,radiography__from-somalia,REJECT,uniqueWords,982,179,,,,
profession-origin,radiography__from-south-africa,REJECT,uniqueWords,988,185,,,,
profession-origin,radiography__from-south-korea,REJECT,uniqueWords,988,185,,,,
profession-origin,radiography__from-south-sudan,REJECT,uniqueWords,988,185,,,,
profession-origin,radiography__from-spain,REJECT,uniqueWords,990,187,,,,
profession-origin,radiography__from-sri-lanka,REJECT,uniqueWords,986,183,,,,
profession-origin,radiography__from-sudan,REJECT,uniqueWords,984,181,,,,
profession-origin,radiography__from-suriname,REJECT,uniqueWords,982,179,,,,
profession-origin,radiography__from-sweden,REJECT,uniqueWords,982,179,,,,
profession-origin,radiography__from-switzerland,REJECT,uniqueWords,984,181,,,,
profession-origin,radiography__from-syria,REJECT,uniqueWords,982,179,,,,
profession-origin,radiography__from-taiwan,REJECT,uniqueWords,982,179,,,,
profession-origin,radiography__from-tajikistan,REJECT,uniqueWords,982,179,,,,
profession-origin,radiography__from-tanzania,REJECT,uniqueWords,984,181,,,,
profession-origin,radiography__from-thailand,REJECT,uniqueWords,984,181,,,,
profession-origin,radiography__from-timor-leste,REJECT,uniqueWords,990,187,,,,
profession-origin,radiography__from-togo,REJECT,uniqueWords,984,181,,,,
profession-origin,radiography__from-tonga,REJECT,uniqueWords,990,187,,,,
profession-origin,radiography__from-trinidad-and-tobago,REJECT,uniqueWords,990,187,,,,
profession-origin,radiography__from-tunisia,REJECT,uniqueWords,984,181,,,,
profession-origin,radiography__from-turkiye,REJECT,uniqueWords,984,181,,,,
profession-origin,radiography__from-turkmenistan,REJECT,uniqueWords,984,181,,,,
profession-origin,radiography__from-tuvalu,REJECT,uniqueWords,990,187,,,,
profession-origin,radiography__from-uganda,REJECT,uniqueWords,982,179,,,,
profession-origin,radiography__from-ukraine,REJECT,uniqueWords,984,181,,,,
profession-origin,radiography__from-uruguay,REJECT,uniqueWords,984,181,,,,
profession-origin,radiography__from-uzbekistan,REJECT,uniqueWords,982,179,,,,
profession-origin,radiography__from-vanuatu,REJECT,uniqueWords,982,179,,,,
profession-origin,radiography__from-venezuela,REJECT,uniqueWords,990,187,,,,
profession-origin,radiography__from-vietnam,REJECT,uniqueWords,982,179,,,,
profession-origin,radiography__from-yemen,REJECT,uniqueWords,984,181,,,,
profession-origin,radiography__from-zambia,REJECT,uniqueWords,982,179,,,,
profession-origin,radiography__from-zimbabwe,REJECT,uniqueWords,984,181,,,,
profession-origin,speech-pathology__from-afghanistan,REJECT,uniqueWords,1018,215,,,,
profession-origin,speech-pathology__from-albania,REJECT,uniqueWords,1018,215,,,,
profession-origin,speech-pathology__from-algeria,REJECT,uniqueWords,1026,223,,,,
profession-origin,speech-pathology__from-andorra,REJECT,uniqueWords,1026,223,,,,
profession-origin,speech-pathology__from-angola,REJECT,uniqueWords,1020,217,,,,
profession-origin,speech-pathology__from-antigua-and-barbuda,REJECT,uniqueWords,1034,231,,,,
profession-origin,speech-pathology__from-argentina,REJECT,uniqueWords,1020,217,,,,
profession-origin,speech-pathology__from-armenia,REJECT,uniqueWords,1026,223,,,,
profession-origin,speech-pathology__from-austria,REJECT,uniqueWords,1026,223,,,,
profession-origin,speech-pathology__from-azerbaijan,REJECT,uniqueWords,1020,217,,,,
profession-origin,speech-pathology__from-bahamas,REJECT,uniqueWords,1024,221,,,,
profession-origin,speech-pathology__from-bahrain,REJECT,uniqueWords,1026,223,,,,
profession-origin,speech-pathology__from-bangladesh,REJECT,uniqueWords,1020,217,,,,
profession-origin,speech-pathology__from-barbados,REJECT,uniqueWords,1020,217,,,,
profession-origin,speech-pathology__from-belarus,REJECT,uniqueWords,1018,215,,,,
profession-origin,speech-pathology__from-belgium,REJECT,uniqueWords,1020,217,,,,
profession-origin,speech-pathology__from-belize,REJECT,uniqueWords,1020,217,,,,
profession-origin,speech-pathology__from-benin,REJECT,uniqueWords,1018,215,,,,
profession-origin,speech-pathology__from-bhutan,REJECT,uniqueWords,1020,217,,,,
profession-origin,speech-pathology__from-bolivia,REJECT,uniqueWords,1018,215,,,,
profession-origin,speech-pathology__from-bosnia-and-herzegovina,REJECT,uniqueWords,1028,225,,,,
profession-origin,speech-pathology__from-botswana,REJECT,uniqueWords,1026,223,,,,
profession-origin,speech-pathology__from-brazil,REJECT,uniqueWords,1018,215,,,,
profession-origin,speech-pathology__from-brunei,REJECT,uniqueWords,1026,223,,,,
profession-origin,speech-pathology__from-bulgaria,REJECT,uniqueWords,1020,217,,,,
profession-origin,speech-pathology__from-burkina-faso,REJECT,uniqueWords,1022,219,,,,
profession-origin,speech-pathology__from-burundi,REJECT,uniqueWords,1026,223,,,,
profession-origin,speech-pathology__from-cambodia,REJECT,uniqueWords,1018,215,,,,
profession-origin,speech-pathology__from-cameroon,REJECT,uniqueWords,1020,217,,,,
profession-origin,speech-pathology__from-cape-verde,REJECT,uniqueWords,1024,221,,,,
profession-origin,speech-pathology__from-central-african-republic,REJECT,uniqueWords,1034,231,,,,
profession-origin,speech-pathology__from-chad,REJECT,uniqueWords,1018,215,,,,
profession-origin,speech-pathology__from-chile,REJECT,uniqueWords,1026,223,,,,
profession-origin,speech-pathology__from-china,REJECT,uniqueWords,1020,217,,,,
profession-origin,speech-pathology__from-colombia,REJECT,uniqueWords,1018,215,,,,
profession-origin,speech-pathology__from-comoros,REJECT,uniqueWords,1018,215,,,,
profession-origin,speech-pathology__from-cook-islands,REJECT,uniqueWords,1030,227,,,,
profession-origin,speech-pathology__from-costa-rica,REJECT,uniqueWords,1024,221,,,,
profession-origin,speech-pathology__from-cote-divoire,REJECT,uniqueWords,1024,221,,,,
profession-origin,speech-pathology__from-croatia,REJECT,uniqueWords,1020,217,,,,
profession-origin,speech-pathology__from-cuba,REJECT,uniqueWords,1026,223,,,,
profession-origin,speech-pathology__from-cyprus,REJECT,uniqueWords,1020,217,,,,
profession-origin,speech-pathology__from-czechia,REJECT,uniqueWords,1020,217,,,,
profession-origin,speech-pathology__from-denmark,REJECT,uniqueWords,1020,217,,,,
profession-origin,speech-pathology__from-djibouti,REJECT,uniqueWords,1020,217,,,,
profession-origin,speech-pathology__from-dominica,REJECT,uniqueWords,1018,215,,,,
profession-origin,speech-pathology__from-dominican-republic,REJECT,uniqueWords,1024,221,,,,
profession-origin,speech-pathology__from-dr-congo,REJECT,uniqueWords,1024,221,,,,
profession-origin,speech-pathology__from-ecuador,REJECT,uniqueWords,1026,223,,,,
profession-origin,speech-pathology__from-egypt,REJECT,uniqueWords,1020,217,,,,
profession-origin,speech-pathology__from-el-salvador,REJECT,uniqueWords,1022,219,,,,
profession-origin,speech-pathology__from-equatorial-guinea,REJECT,uniqueWords,1024,221,,,,
profession-origin,speech-pathology__from-eritrea,REJECT,uniqueWords,1020,217,,,,
profession-origin,speech-pathology__from-estonia,REJECT,uniqueWords,1026,223,,,,
profession-origin,speech-pathology__from-eswatini,REJECT,uniqueWords,1018,215,,,,
profession-origin,speech-pathology__from-ethiopia,REJECT,uniqueWords,1026,223,,,,
profession-origin,speech-pathology__from-fiji,REJECT,uniqueWords,1020,217,,,,
profession-origin,speech-pathology__from-finland,REJECT,uniqueWords,1020,217,,,,
profession-origin,speech-pathology__from-france,REJECT,uniqueWords,1020,217,,,,
profession-origin,speech-pathology__from-gabon,REJECT,uniqueWords,1020,217,,,,
profession-origin,speech-pathology__from-gambia,REJECT,uniqueWords,1024,221,,,,
profession-origin,speech-pathology__from-georgia,REJECT,uniqueWords,1020,217,,,,
profession-origin,speech-pathology__from-germany,REJECT,uniqueWords,1020,217,,,,
profession-origin,speech-pathology__from-ghana,REJECT,uniqueWords,1020,217,,,,
profession-origin,speech-pathology__from-greece,REJECT,uniqueWords,1026,223,,,,
profession-origin,speech-pathology__from-grenada,REJECT,uniqueWords,1020,217,,,,
profession-origin,speech-pathology__from-guatemala,REJECT,uniqueWords,1026,223,,,,
profession-origin,speech-pathology__from-guinea-bissau,REJECT,uniqueWords,1026,223,,,,
profession-origin,speech-pathology__from-guinea,REJECT,uniqueWords,1020,217,,,,
profession-origin,speech-pathology__from-guyana,REJECT,uniqueWords,1026,223,,,,
profession-origin,speech-pathology__from-haiti,REJECT,uniqueWords,1026,223,,,,
profession-origin,speech-pathology__from-honduras,REJECT,uniqueWords,1018,215,,,,
profession-origin,speech-pathology__from-hong-kong,REJECT,uniqueWords,1024,221,,,,
profession-origin,speech-pathology__from-hungary,REJECT,uniqueWords,1020,217,,,,
profession-origin,speech-pathology__from-iceland,REJECT,uniqueWords,1020,217,,,,
profession-origin,speech-pathology__from-india,REJECT,uniqueWords,1020,217,,,,
profession-origin,speech-pathology__from-indonesia,REJECT,uniqueWords,1018,215,,,,
profession-origin,speech-pathology__from-iran,REJECT,uniqueWords,1020,217,,,,
profession-origin,speech-pathology__from-iraq,REJECT,uniqueWords,1026,223,,,,
profession-origin,speech-pathology__from-ireland,REJECT,uniqueWords,1020,217,,,,
profession-origin,speech-pathology__from-israel,REJECT,uniqueWords,1018,215,,,,
profession-origin,speech-pathology__from-italy,REJECT,uniqueWords,1020,217,,,,
profession-origin,speech-pathology__from-jamaica,REJECT,uniqueWords,1018,215,,,,
profession-origin,speech-pathology__from-japan,REJECT,uniqueWords,1020,217,,,,
profession-origin,speech-pathology__from-jordan,REJECT,uniqueWords,1018,215,,,,
profession-origin,speech-pathology__from-kazakhstan,REJECT,uniqueWords,1018,215,,,,
profession-origin,speech-pathology__from-kenya,REJECT,uniqueWords,1018,215,,,,
profession-origin,speech-pathology__from-kiribati,REJECT,uniqueWords,1026,223,,,,
profession-origin,speech-pathology__from-kosovo,REJECT,uniqueWords,1026,223,,,,
profession-origin,speech-pathology__from-kuwait,REJECT,uniqueWords,1020,217,,,,
profession-origin,speech-pathology__from-kyrgyzstan,REJECT,uniqueWords,1020,217,,,,
profession-origin,speech-pathology__from-laos,REJECT,uniqueWords,1026,223,,,,
profession-origin,speech-pathology__from-latvia,REJECT,uniqueWords,1020,217,,,,
profession-origin,speech-pathology__from-lebanon,REJECT,uniqueWords,1026,223,,,,
profession-origin,speech-pathology__from-lesotho,REJECT,uniqueWords,1020,217,,,,
profession-origin,speech-pathology__from-liberia,REJECT,uniqueWords,1020,217,,,,
profession-origin,speech-pathology__from-libya,REJECT,uniqueWords,1026,223,,,,
profession-origin,speech-pathology__from-liechtenstein,REJECT,uniqueWords,1026,223,,,,
profession-origin,speech-pathology__from-lithuania,REJECT,uniqueWords,1026,223,,,,
profession-origin,speech-pathology__from-luxembourg,REJECT,uniqueWords,1020,217,,,,
profession-origin,speech-pathology__from-madagascar,REJECT,uniqueWords,1018,215,,,,
profession-origin,speech-pathology__from-malawi,REJECT,uniqueWords,1020,217,,,,
profession-origin,speech-pathology__from-malaysia,REJECT,uniqueWords,1020,217,,,,
profession-origin,speech-pathology__from-maldives,REJECT,uniqueWords,1020,217,,,,
profession-origin,speech-pathology__from-mali,REJECT,uniqueWords,1026,223,,,,
profession-origin,speech-pathology__from-malta,REJECT,uniqueWords,1026,223,,,,
profession-origin,speech-pathology__from-marshall-islands,REJECT,uniqueWords,1024,221,,,,
profession-origin,speech-pathology__from-mauritania,REJECT,uniqueWords,1026,223,,,,
profession-origin,speech-pathology__from-mauritius,REJECT,uniqueWords,1020,217,,,,
profession-origin,speech-pathology__from-mexico,REJECT,uniqueWords,1026,223,,,,
profession-origin,speech-pathology__from-micronesia,REJECT,uniqueWords,1018,215,,,,
profession-origin,speech-pathology__from-moldova,REJECT,uniqueWords,1018,215,,,,
profession-origin,speech-pathology__from-monaco,REJECT,uniqueWords,1026,223,,,,
profession-origin,speech-pathology__from-mongolia,REJECT,uniqueWords,1018,215,,,,
profession-origin,speech-pathology__from-montenegro,REJECT,uniqueWords,1018,215,,,,
profession-origin,speech-pathology__from-morocco,REJECT,uniqueWords,1018,215,,,,
profession-origin,speech-pathology__from-mozambique,REJECT,uniqueWords,1020,217,,,,
profession-origin,speech-pathology__from-myanmar,REJECT,uniqueWords,1026,223,,,,
profession-origin,speech-pathology__from-namibia,REJECT,uniqueWords,1020,217,,,,
profession-origin,speech-pathology__from-nauru,REJECT,uniqueWords,1026,223,,,,
profession-origin,speech-pathology__from-nepal,REJECT,uniqueWords,1018,215,,,,
profession-origin,speech-pathology__from-netherlands,REJECT,uniqueWords,1018,215,,,,
profession-origin,speech-pathology__from-nicaragua,REJECT,uniqueWords,1020,217,,,,
profession-origin,speech-pathology__from-niger,REJECT,uniqueWords,1026,223,,,,
profession-origin,speech-pathology__from-nigeria,REJECT,uniqueWords,1026,223,,,,
profession-origin,speech-pathology__from-north-macedonia,REJECT,uniqueWords,1030,227,,,,
profession-origin,speech-pathology__from-norway,REJECT,uniqueWords,1020,217,,,,
profession-origin,speech-pathology__from-oman,REJECT,uniqueWords,1020,217,,,,
profession-origin,speech-pathology__from-pakistan,REJECT,uniqueWords,1026,223,,,,
profession-origin,speech-pathology__from-palau,REJECT,uniqueWords,1020,217,,,,
profession-origin,speech-pathology__from-palestine,REJECT,uniqueWords,1026,223,,,,
profession-origin,speech-pathology__from-panama,REJECT,uniqueWords,1018,215,,,,
profession-origin,speech-pathology__from-papua-new-guinea,REJECT,uniqueWords,1028,225,,,,
profession-origin,speech-pathology__from-paraguay,REJECT,uniqueWords,1020,217,,,,
profession-origin,speech-pathology__from-peru,REJECT,uniqueWords,1018,215,,,,
profession-origin,speech-pathology__from-philippines,REJECT,uniqueWords,1026,223,,,,
profession-origin,speech-pathology__from-poland,REJECT,uniqueWords,1020,217,,,,
profession-origin,speech-pathology__from-portugal,REJECT,uniqueWords,1020,217,,,,
profession-origin,speech-pathology__from-qatar,REJECT,uniqueWords,1026,223,,,,
profession-origin,speech-pathology__from-republic-of-congo,REJECT,uniqueWords,1034,231,,,,
profession-origin,speech-pathology__from-romania,REJECT,uniqueWords,1026,223,,,,
profession-origin,speech-pathology__from-russia,REJECT,uniqueWords,1020,217,,,,
profession-origin,speech-pathology__from-rwanda,REJECT,uniqueWords,1020,217,,,,
profession-origin,speech-pathology__from-saint-kitts-and-nevis,REJECT,uniqueWords,1032,229,,,,
profession-origin,speech-pathology__from-saint-lucia,REJECT,uniqueWords,1024,221,,,,
profession-origin,speech-pathology__from-saint-vincent-and-the-grenadines,REJECT,uniqueWords,1036,233,,,,
profession-origin,speech-pathology__from-samoa,REJECT,uniqueWords,1026,223,,,,
profession-origin,speech-pathology__from-san-marino,REJECT,uniqueWords,1030,227,,,,
profession-origin,speech-pathology__from-sao-tome-and-principe,REJECT,uniqueWords,1032,229,,,,
profession-origin,speech-pathology__from-saudi-arabia,REJECT,uniqueWords,1024,221,,,,
profession-origin,speech-pathology__from-senegal,REJECT,uniqueWords,1026,223,,,,
profession-origin,speech-pathology__from-serbia,REJECT,uniqueWords,1020,217,,,,
profession-origin,speech-pathology__from-seychelles,REJECT,uniqueWords,1020,217,,,,
profession-origin,speech-pathology__from-sierra-leone,REJECT,uniqueWords,1024,221,,,,
profession-origin,speech-pathology__from-singapore,REJECT,uniqueWords,1018,215,,,,
profession-origin,speech-pathology__from-slovakia,REJECT,uniqueWords,1020,217,,,,
profession-origin,speech-pathology__from-slovenia,REJECT,uniqueWords,1026,223,,,,
profession-origin,speech-pathology__from-solomon-islands,REJECT,uniqueWords,1024,221,,,,
profession-origin,speech-pathology__from-somalia,REJECT,uniqueWords,1018,215,,,,
profession-origin,speech-pathology__from-south-africa,REJECT,uniqueWords,1024,221,,,,
profession-origin,speech-pathology__from-south-korea,REJECT,uniqueWords,1024,221,,,,
profession-origin,speech-pathology__from-south-sudan,REJECT,uniqueWords,1024,221,,,,
profession-origin,speech-pathology__from-spain,REJECT,uniqueWords,1026,223,,,,
profession-origin,speech-pathology__from-sri-lanka,REJECT,uniqueWords,1022,219,,,,
profession-origin,speech-pathology__from-sudan,REJECT,uniqueWords,1020,217,,,,
profession-origin,speech-pathology__from-suriname,REJECT,uniqueWords,1018,215,,,,
profession-origin,speech-pathology__from-sweden,REJECT,uniqueWords,1018,215,,,,
profession-origin,speech-pathology__from-switzerland,REJECT,uniqueWords,1020,217,,,,
profession-origin,speech-pathology__from-syria,REJECT,uniqueWords,1018,215,,,,
profession-origin,speech-pathology__from-taiwan,REJECT,uniqueWords,1018,215,,,,
profession-origin,speech-pathology__from-tajikistan,REJECT,uniqueWords,1018,215,,,,
profession-origin,speech-pathology__from-tanzania,REJECT,uniqueWords,1020,217,,,,
profession-origin,speech-pathology__from-thailand,REJECT,uniqueWords,1020,217,,,,
profession-origin,speech-pathology__from-timor-leste,REJECT,uniqueWords,1026,223,,,,
profession-origin,speech-pathology__from-togo,REJECT,uniqueWords,1020,217,,,,
profession-origin,speech-pathology__from-tonga,REJECT,uniqueWords,1026,223,,,,
profession-origin,speech-pathology__from-trinidad-and-tobago,REJECT,uniqueWords,1026,223,,,,
profession-origin,speech-pathology__from-tunisia,REJECT,uniqueWords,1020,217,,,,
profession-origin,speech-pathology__from-turkiye,REJECT,uniqueWords,1020,217,,,,
profession-origin,speech-pathology__from-turkmenistan,REJECT,uniqueWords,1020,217,,,,
profession-origin,speech-pathology__from-tuvalu,REJECT,uniqueWords,1026,223,,,,
profession-origin,speech-pathology__from-uganda,REJECT,uniqueWords,1018,215,,,,
profession-origin,speech-pathology__from-ukraine,REJECT,uniqueWords,1020,217,,,,
profession-origin,speech-pathology__from-uruguay,REJECT,uniqueWords,1020,217,,,,
profession-origin,speech-pathology__from-uzbekistan,REJECT,uniqueWords,1018,215,,,,
profession-origin,speech-pathology__from-vanuatu,REJECT,uniqueWords,1018,215,,,,
profession-origin,speech-pathology__from-venezuela,REJECT,uniqueWords,1026,223,,,,
profession-origin,speech-pathology__from-vietnam,REJECT,uniqueWords,1018,215,,,,
profession-origin,speech-pathology__from-yemen,REJECT,uniqueWords,1020,217,,,,
profession-origin,speech-pathology__from-zambia,REJECT,uniqueWords,1018,215,,,,
profession-origin,speech-pathology__from-zimbabwe,REJECT,uniqueWords,1020,217,,,,
profession-origin,veterinary-science__from-afghanistan,REJECT,uniqueWords,944,141,,,,
profession-origin,veterinary-science__from-albania,REJECT,uniqueWords,944,141,,,,
profession-origin,veterinary-science__from-algeria,REJECT,uniqueWords,952,149,,,,
profession-origin,veterinary-science__from-andorra,REJECT,uniqueWords,952,149,,,,
profession-origin,veterinary-science__from-angola,REJECT,uniqueWords,946,143,,,,
profession-origin,veterinary-science__from-antigua-and-barbuda,REJECT,uniqueWords,960,157,,,,
profession-origin,veterinary-science__from-argentina,REJECT,uniqueWords,946,143,,,,
profession-origin,veterinary-science__from-armenia,REJECT,uniqueWords,952,149,,,,
profession-origin,veterinary-science__from-austria,REJECT,uniqueWords,952,149,,,,
profession-origin,veterinary-science__from-azerbaijan,REJECT,uniqueWords,946,143,,,,
profession-origin,veterinary-science__from-bahamas,REJECT,uniqueWords,950,147,,,,
profession-origin,veterinary-science__from-bahrain,REJECT,uniqueWords,952,149,,,,
profession-origin,veterinary-science__from-bangladesh,REJECT,uniqueWords,946,143,,,,
profession-origin,veterinary-science__from-barbados,REJECT,uniqueWords,946,143,,,,
profession-origin,veterinary-science__from-belarus,REJECT,uniqueWords,944,141,,,,
profession-origin,veterinary-science__from-belgium,REJECT,uniqueWords,946,143,,,,
profession-origin,veterinary-science__from-belize,REJECT,uniqueWords,946,143,,,,
profession-origin,veterinary-science__from-benin,REJECT,uniqueWords,944,141,,,,
profession-origin,veterinary-science__from-bhutan,REJECT,uniqueWords,946,143,,,,
profession-origin,veterinary-science__from-bolivia,REJECT,uniqueWords,944,141,,,,
profession-origin,veterinary-science__from-bosnia-and-herzegovina,REJECT,uniqueWords,954,151,,,,
profession-origin,veterinary-science__from-botswana,REJECT,uniqueWords,952,149,,,,
profession-origin,veterinary-science__from-brazil,REJECT,uniqueWords,944,141,,,,
profession-origin,veterinary-science__from-brunei,REJECT,uniqueWords,952,149,,,,
profession-origin,veterinary-science__from-bulgaria,REJECT,uniqueWords,946,143,,,,
profession-origin,veterinary-science__from-burkina-faso,REJECT,uniqueWords,948,145,,,,
profession-origin,veterinary-science__from-burundi,REJECT,uniqueWords,952,149,,,,
profession-origin,veterinary-science__from-cambodia,REJECT,uniqueWords,944,141,,,,
profession-origin,veterinary-science__from-cameroon,REJECT,uniqueWords,946,143,,,,
profession-origin,veterinary-science__from-cape-verde,REJECT,uniqueWords,950,147,,,,
profession-origin,veterinary-science__from-central-african-republic,REJECT,uniqueWords,960,157,,,,
profession-origin,veterinary-science__from-chad,REJECT,uniqueWords,944,141,,,,
profession-origin,veterinary-science__from-chile,REJECT,uniqueWords,952,149,,,,
profession-origin,veterinary-science__from-china,REJECT,uniqueWords,946,143,,,,
profession-origin,veterinary-science__from-colombia,REJECT,uniqueWords,944,141,,,,
profession-origin,veterinary-science__from-comoros,REJECT,uniqueWords,944,141,,,,
profession-origin,veterinary-science__from-cook-islands,REJECT,uniqueWords,956,153,,,,
profession-origin,veterinary-science__from-costa-rica,REJECT,uniqueWords,950,147,,,,
profession-origin,veterinary-science__from-cote-divoire,REJECT,uniqueWords,950,147,,,,
profession-origin,veterinary-science__from-croatia,REJECT,uniqueWords,946,143,,,,
profession-origin,veterinary-science__from-cuba,REJECT,uniqueWords,952,149,,,,
profession-origin,veterinary-science__from-cyprus,REJECT,uniqueWords,946,143,,,,
profession-origin,veterinary-science__from-czechia,REJECT,uniqueWords,946,143,,,,
profession-origin,veterinary-science__from-denmark,REJECT,uniqueWords,946,143,,,,
profession-origin,veterinary-science__from-djibouti,REJECT,uniqueWords,946,143,,,,
profession-origin,veterinary-science__from-dominica,REJECT,uniqueWords,944,141,,,,
profession-origin,veterinary-science__from-dominican-republic,REJECT,uniqueWords,950,147,,,,
profession-origin,veterinary-science__from-dr-congo,REJECT,uniqueWords,950,147,,,,
profession-origin,veterinary-science__from-ecuador,REJECT,uniqueWords,952,149,,,,
profession-origin,veterinary-science__from-egypt,REJECT,uniqueWords,946,143,,,,
profession-origin,veterinary-science__from-el-salvador,REJECT,uniqueWords,948,145,,,,
profession-origin,veterinary-science__from-equatorial-guinea,REJECT,uniqueWords,950,147,,,,
profession-origin,veterinary-science__from-eritrea,REJECT,uniqueWords,946,143,,,,
profession-origin,veterinary-science__from-estonia,REJECT,uniqueWords,952,149,,,,
profession-origin,veterinary-science__from-eswatini,REJECT,uniqueWords,944,141,,,,
profession-origin,veterinary-science__from-ethiopia,REJECT,uniqueWords,952,149,,,,
profession-origin,veterinary-science__from-fiji,REJECT,uniqueWords,946,143,,,,
profession-origin,veterinary-science__from-finland,REJECT,uniqueWords,946,143,,,,
profession-origin,veterinary-science__from-france,REJECT,uniqueWords,946,143,,,,
profession-origin,veterinary-science__from-gabon,REJECT,uniqueWords,946,143,,,,
profession-origin,veterinary-science__from-gambia,REJECT,uniqueWords,950,147,,,,
profession-origin,veterinary-science__from-georgia,REJECT,uniqueWords,946,143,,,,
profession-origin,veterinary-science__from-germany,REJECT,uniqueWords,946,143,,,,
profession-origin,veterinary-science__from-ghana,REJECT,uniqueWords,946,143,,,,
profession-origin,veterinary-science__from-greece,REJECT,uniqueWords,952,149,,,,
profession-origin,veterinary-science__from-grenada,REJECT,uniqueWords,946,143,,,,
profession-origin,veterinary-science__from-guatemala,REJECT,uniqueWords,952,149,,,,
profession-origin,veterinary-science__from-guinea-bissau,REJECT,uniqueWords,952,149,,,,
profession-origin,veterinary-science__from-guinea,REJECT,uniqueWords,946,143,,,,
profession-origin,veterinary-science__from-guyana,REJECT,uniqueWords,952,149,,,,
profession-origin,veterinary-science__from-haiti,REJECT,uniqueWords,952,149,,,,
profession-origin,veterinary-science__from-honduras,REJECT,uniqueWords,944,141,,,,
profession-origin,veterinary-science__from-hong-kong,REJECT,uniqueWords,950,147,,,,
profession-origin,veterinary-science__from-hungary,REJECT,uniqueWords,946,143,,,,
profession-origin,veterinary-science__from-iceland,REJECT,uniqueWords,946,143,,,,
profession-origin,veterinary-science__from-india,REJECT,uniqueWords,946,143,,,,
profession-origin,veterinary-science__from-indonesia,REJECT,uniqueWords,944,141,,,,
profession-origin,veterinary-science__from-iran,REJECT,uniqueWords,946,143,,,,
profession-origin,veterinary-science__from-iraq,REJECT,uniqueWords,952,149,,,,
profession-origin,veterinary-science__from-ireland,REJECT,uniqueWords,946,143,,,,
profession-origin,veterinary-science__from-israel,REJECT,uniqueWords,944,141,,,,
profession-origin,veterinary-science__from-italy,REJECT,uniqueWords,946,143,,,,
profession-origin,veterinary-science__from-jamaica,REJECT,uniqueWords,944,141,,,,
profession-origin,veterinary-science__from-japan,REJECT,uniqueWords,946,143,,,,
profession-origin,veterinary-science__from-jordan,REJECT,uniqueWords,944,141,,,,
profession-origin,veterinary-science__from-kazakhstan,REJECT,uniqueWords,944,141,,,,
profession-origin,veterinary-science__from-kenya,REJECT,uniqueWords,944,141,,,,
profession-origin,veterinary-science__from-kiribati,REJECT,uniqueWords,952,149,,,,
profession-origin,veterinary-science__from-kosovo,REJECT,uniqueWords,952,149,,,,
profession-origin,veterinary-science__from-kuwait,REJECT,uniqueWords,946,143,,,,
profession-origin,veterinary-science__from-kyrgyzstan,REJECT,uniqueWords,946,143,,,,
profession-origin,veterinary-science__from-laos,REJECT,uniqueWords,952,149,,,,
profession-origin,veterinary-science__from-latvia,REJECT,uniqueWords,946,143,,,,
profession-origin,veterinary-science__from-lebanon,REJECT,uniqueWords,952,149,,,,
profession-origin,veterinary-science__from-lesotho,REJECT,uniqueWords,946,143,,,,
profession-origin,veterinary-science__from-liberia,REJECT,uniqueWords,946,143,,,,
profession-origin,veterinary-science__from-libya,REJECT,uniqueWords,952,149,,,,
profession-origin,veterinary-science__from-liechtenstein,REJECT,uniqueWords,952,149,,,,
profession-origin,veterinary-science__from-lithuania,REJECT,uniqueWords,952,149,,,,
profession-origin,veterinary-science__from-luxembourg,REJECT,uniqueWords,946,143,,,,
profession-origin,veterinary-science__from-madagascar,REJECT,uniqueWords,944,141,,,,
profession-origin,veterinary-science__from-malawi,REJECT,uniqueWords,946,143,,,,
profession-origin,veterinary-science__from-malaysia,REJECT,uniqueWords,946,143,,,,
profession-origin,veterinary-science__from-maldives,REJECT,uniqueWords,946,143,,,,
profession-origin,veterinary-science__from-mali,REJECT,uniqueWords,952,149,,,,
profession-origin,veterinary-science__from-malta,REJECT,uniqueWords,952,149,,,,
profession-origin,veterinary-science__from-marshall-islands,REJECT,uniqueWords,950,147,,,,
profession-origin,veterinary-science__from-mauritania,REJECT,uniqueWords,952,149,,,,
profession-origin,veterinary-science__from-mauritius,REJECT,uniqueWords,946,143,,,,
profession-origin,veterinary-science__from-mexico,REJECT,uniqueWords,952,149,,,,
profession-origin,veterinary-science__from-micronesia,REJECT,uniqueWords,944,141,,,,
profession-origin,veterinary-science__from-moldova,REJECT,uniqueWords,944,141,,,,
profession-origin,veterinary-science__from-monaco,REJECT,uniqueWords,952,149,,,,
profession-origin,veterinary-science__from-mongolia,REJECT,uniqueWords,944,141,,,,
profession-origin,veterinary-science__from-montenegro,REJECT,uniqueWords,944,141,,,,
profession-origin,veterinary-science__from-morocco,REJECT,uniqueWords,944,141,,,,
profession-origin,veterinary-science__from-mozambique,REJECT,uniqueWords,946,143,,,,
profession-origin,veterinary-science__from-myanmar,REJECT,uniqueWords,952,149,,,,
profession-origin,veterinary-science__from-namibia,REJECT,uniqueWords,946,143,,,,
profession-origin,veterinary-science__from-nauru,REJECT,uniqueWords,952,149,,,,
profession-origin,veterinary-science__from-nepal,REJECT,uniqueWords,944,141,,,,
profession-origin,veterinary-science__from-netherlands,REJECT,uniqueWords,944,141,,,,
profession-origin,veterinary-science__from-nicaragua,REJECT,uniqueWords,946,143,,,,
profession-origin,veterinary-science__from-niger,REJECT,uniqueWords,952,149,,,,
profession-origin,veterinary-science__from-nigeria,REJECT,uniqueWords,952,149,,,,
profession-origin,veterinary-science__from-north-macedonia,REJECT,uniqueWords,956,153,,,,
profession-origin,veterinary-science__from-norway,REJECT,uniqueWords,946,143,,,,
profession-origin,veterinary-science__from-oman,REJECT,uniqueWords,946,143,,,,
profession-origin,veterinary-science__from-pakistan,REJECT,uniqueWords,952,149,,,,
profession-origin,veterinary-science__from-palau,REJECT,uniqueWords,946,143,,,,
profession-origin,veterinary-science__from-palestine,REJECT,uniqueWords,952,149,,,,
profession-origin,veterinary-science__from-panama,REJECT,uniqueWords,944,141,,,,
profession-origin,veterinary-science__from-papua-new-guinea,REJECT,uniqueWords,954,151,,,,
profession-origin,veterinary-science__from-paraguay,REJECT,uniqueWords,946,143,,,,
profession-origin,veterinary-science__from-peru,REJECT,uniqueWords,944,141,,,,
profession-origin,veterinary-science__from-philippines,REJECT,uniqueWords,952,149,,,,
profession-origin,veterinary-science__from-poland,REJECT,uniqueWords,946,143,,,,
profession-origin,veterinary-science__from-portugal,REJECT,uniqueWords,946,143,,,,
profession-origin,veterinary-science__from-qatar,REJECT,uniqueWords,952,149,,,,
profession-origin,veterinary-science__from-republic-of-congo,REJECT,uniqueWords,960,157,,,,
profession-origin,veterinary-science__from-romania,REJECT,uniqueWords,952,149,,,,
profession-origin,veterinary-science__from-russia,REJECT,uniqueWords,946,143,,,,
profession-origin,veterinary-science__from-rwanda,REJECT,uniqueWords,946,143,,,,
profession-origin,veterinary-science__from-saint-kitts-and-nevis,REJECT,uniqueWords,958,155,,,,
profession-origin,veterinary-science__from-saint-lucia,REJECT,uniqueWords,950,147,,,,
profession-origin,veterinary-science__from-saint-vincent-and-the-grenadines,REJECT,uniqueWords,962,159,,,,
profession-origin,veterinary-science__from-samoa,REJECT,uniqueWords,952,149,,,,
profession-origin,veterinary-science__from-san-marino,REJECT,uniqueWords,956,153,,,,
profession-origin,veterinary-science__from-sao-tome-and-principe,REJECT,uniqueWords,958,155,,,,
profession-origin,veterinary-science__from-saudi-arabia,REJECT,uniqueWords,950,147,,,,
profession-origin,veterinary-science__from-senegal,REJECT,uniqueWords,952,149,,,,
profession-origin,veterinary-science__from-serbia,REJECT,uniqueWords,946,143,,,,
profession-origin,veterinary-science__from-seychelles,REJECT,uniqueWords,946,143,,,,
profession-origin,veterinary-science__from-sierra-leone,REJECT,uniqueWords,950,147,,,,
profession-origin,veterinary-science__from-singapore,REJECT,uniqueWords,944,141,,,,
profession-origin,veterinary-science__from-slovakia,REJECT,uniqueWords,946,143,,,,
profession-origin,veterinary-science__from-slovenia,REJECT,uniqueWords,952,149,,,,
profession-origin,veterinary-science__from-solomon-islands,REJECT,uniqueWords,950,147,,,,
profession-origin,veterinary-science__from-somalia,REJECT,uniqueWords,944,141,,,,
profession-origin,veterinary-science__from-south-africa,REJECT,uniqueWords,950,147,,,,
profession-origin,veterinary-science__from-south-korea,REJECT,uniqueWords,950,147,,,,
profession-origin,veterinary-science__from-south-sudan,REJECT,uniqueWords,950,147,,,,
profession-origin,veterinary-science__from-spain,REJECT,uniqueWords,952,149,,,,
profession-origin,veterinary-science__from-sri-lanka,REJECT,uniqueWords,948,145,,,,
profession-origin,veterinary-science__from-sudan,REJECT,uniqueWords,946,143,,,,
profession-origin,veterinary-science__from-suriname,REJECT,uniqueWords,944,141,,,,
profession-origin,veterinary-science__from-sweden,REJECT,uniqueWords,944,141,,,,
profession-origin,veterinary-science__from-switzerland,REJECT,uniqueWords,946,143,,,,
profession-origin,veterinary-science__from-syria,REJECT,uniqueWords,944,141,,,,
profession-origin,veterinary-science__from-taiwan,REJECT,uniqueWords,944,141,,,,
profession-origin,veterinary-science__from-tajikistan,REJECT,uniqueWords,944,141,,,,
profession-origin,veterinary-science__from-tanzania,REJECT,uniqueWords,946,143,,,,
profession-origin,veterinary-science__from-thailand,REJECT,uniqueWords,946,143,,,,
profession-origin,veterinary-science__from-timor-leste,REJECT,uniqueWords,952,149,,,,
profession-origin,veterinary-science__from-togo,REJECT,uniqueWords,946,143,,,,
profession-origin,veterinary-science__from-tonga,REJECT,uniqueWords,952,149,,,,
profession-origin,veterinary-science__from-trinidad-and-tobago,REJECT,uniqueWords,952,149,,,,
profession-origin,veterinary-science__from-tunisia,REJECT,uniqueWords,946,143,,,,
profession-origin,veterinary-science__from-turkiye,REJECT,uniqueWords,946,143,,,,
profession-origin,veterinary-science__from-turkmenistan,REJECT,uniqueWords,946,143,,,,
profession-origin,veterinary-science__from-tuvalu,REJECT,uniqueWords,952,149,,,,
profession-origin,veterinary-science__from-uganda,REJECT,uniqueWords,944,141,,,,
profession-origin,veterinary-science__from-ukraine,REJECT,uniqueWords,946,143,,,,
profession-origin,veterinary-science__from-uruguay,REJECT,uniqueWords,946,143,,,,
profession-origin,veterinary-science__from-uzbekistan,REJECT,uniqueWords,944,141,,,,
profession-origin,veterinary-science__from-vanuatu,REJECT,uniqueWords,944,141,,,,
profession-origin,veterinary-science__from-venezuela,REJECT,uniqueWords,952,149,,,,
profession-origin,veterinary-science__from-vietnam,REJECT,uniqueWords,944,141,,,,
profession-origin,veterinary-science__from-yemen,REJECT,uniqueWords,946,143,,,,
profession-origin,veterinary-science__from-zambia,REJECT,uniqueWords,944,141,,,,
profession-origin,veterinary-science__from-zimbabwe,REJECT,uniqueWords,946,143,,,,
profession-origin-org,dentistry__from-afghanistan__ae-khda,REJECT,uniqueWords,622,162,,,,
profession-origin-org,dentistry__from-albania__nz-dental-council-of-new-zealand,REJECT,uniqueWords,577,117,,,,
profession-origin-org,dentistry__from-angola__au-ipa-recruitment-solutions,REJECT,uniqueWords,578,118,,,,
profession-origin-org,dentistry__from-belgium__au-nsw-department-of-industry,REJECT,uniqueWords,589,129,,,,
profession-origin-org,dentistry__from-bhutan__au-university-of-queensland,REJECT,uniqueWords,566,106,,,,
profession-origin-org,dentistry__from-bolivia__au-dental-board-of-australia,REJECT,uniqueWords,566,106,,,,
profession-origin-org,dentistry__from-brunei__nz-university-of-otago-language-centre,REJECT,uniqueWords,607,147,,,,
profession-origin-org,dentistry__from-burundi__nz-dental-council-of-new-zealand,REJECT,uniqueWords,585,125,,,,
profession-origin-org,dentistry__from-chile__ph-dataflow-group,REJECT,uniqueWords,574,114,,,,
profession-origin-org,dentistry__from-cuba__ie-dental-council-of-ireland,REJECT,uniqueWords,574,114,,,,
profession-origin-org,dentistry__from-denmark__au-australian-department-of-home-affairs,REJECT,uniqueWords,600,140,,,,
profession-origin-org,dentistry__from-dominican-republic__nz-dental-council-of-new-zealand,REJECT,uniqueWords,583,123,,,,
profession-origin-org,dentistry__from-dominica__au-satac,REJECT,uniqueWords,609,149,,,,
profession-origin-org,dentistry__from-egypt__mv-maldives-medical-and-dental-council,REJECT,uniqueWords,584,124,,,,
profession-origin-org,dentistry__from-el-salvador__uk-ulster-university,REJECT,uniqueWords,564,104,,,,
profession-origin-org,dentistry__from-georgia__ae-dubai-healthcare-city-authority,REJECT,uniqueWords,591,131,,,,
profession-origin-org,dentistry__from-greece__ae-khda,REJECT,uniqueWords,630,170,,,,
profession-origin-org,dentistry__from-guinea__au-western-australia-department-of-training-and-workforce,REJECT,uniqueWords,655,195,,,,
profession-origin-org,dentistry__from-honduras__nz-weltec,REJECT,uniqueWords,599,139,,,,
profession-origin-org,dentistry__from-japan__uk-ulster-university,REJECT,uniqueWords,562,102,,,,
profession-origin-org,dentistry__from-kazakhstan__nz-university-of-otago-language-centre,REJECT,uniqueWords,599,139,,,,
profession-origin-org,dentistry__from-kenya__au-nsw-department-of-industry,REJECT,uniqueWords,587,127,,,,
profession-origin-org,dentistry__from-kiribati__au-griffith-university,REJECT,uniqueWords,562,102,,,,
profession-origin-org,dentistry__from-libya__au-australian-dental-council,REJECT,uniqueWords,564,104,,,,
profession-origin-org,dentistry__from-liechtenstein__ae-khda,REJECT,uniqueWords,630,170,,,,
profession-origin-org,dentistry__from-malawi__us-lara,REJECT,uniqueWords,633,173,,,,
profession-origin-org,dentistry__from-marshall-islands__in-apollo-health-resources-limited,REJECT,uniqueWords,589,129,,,,
profession-origin-org,dentistry__from-mexico__nz-up-education,REJECT,uniqueWords,574,114,,,,
profession-origin-org,dentistry__from-monaco__in-apollo-health-resources-limited,REJECT,uniqueWords,591,131,,,,
profession-origin-org,dentistry__from-montenegro__sg-people360-services-pte-ltd,REJECT,uniqueWords,583,123,,,,
profession-origin-org,dentistry__from-nigeria__na-hpcna,REJECT,uniqueWords,614,154,,,,
profession-origin-org,dentistry__from-pakistan__nz-dental-council-of-new-zealand,REJECT,uniqueWords,585,125,,,,
profession-origin-org,dentistry__from-palau__ca-college-of-dental-surgeons-of-alberta,REJECT,uniqueWords,588,128,,,,
profession-origin-org,dentistry__from-panama__mv-maldives-medical-and-dental-council,REJECT,uniqueWords,582,122,,,,
profession-origin-org,dentistry__from-papua-new-guinea__uk-good-people,REJECT,uniqueWords,576,116,,,,
profession-origin-org,dentistry__from-philippines__ae-willow-corporate-services,REJECT,uniqueWords,582,122,,,,
profession-origin-org,dentistry__from-poland__au-university-of-queensland,REJECT,uniqueWords,566,106,,,,
profession-origin-org,dentistry__from-saudi-arabia__ie-munster-technological-university,REJECT,uniqueWords,582,122,,,,
profession-origin-org,dentistry__from-senegal__au-university-of-queensland,REJECT,uniqueWords,572,112,,,,
profession-origin-org,dentistry__from-suriname__nz-dental-council-of-new-zealand,REJECT,uniqueWords,577,117,,,,
profession-origin-org,dentistry__from-sweden__ie-munster-technological-university,REJECT,uniqueWords,576,116,,,,
profession-origin-org,dentistry__from-switzerland__ca-college-of-dental-surgeons-of-alberta,REJECT,uniqueWords,588,128,,,,
profession-origin-org,dentistry__from-tanzania__uk-nhs-wales-shared-services-partnership,REJECT,uniqueWords,601,141,,,,
profession-origin-org,dentistry__from-togo__ae-willow-corporate-services,REJECT,uniqueWords,576,116,,,,
profession-origin-org,dietetics__from-bolivia__na-hpcna,REJECT,uniqueWords,606,146,,,,
profession-origin-org,dietetics__from-bosnia-and-herzegovina__nz-weltec,REJECT,uniqueWords,609,149,,,,
profession-origin-org,dietetics__from-chad__sg-allied-health-professions-council-singapore,REJECT,uniqueWords,599,139,,,,
profession-origin-org,dietetics__from-chile__au-ipa-recruitment-solutions,REJECT,uniqueWords,584,124,,,,
profession-origin-org,dietetics__from-cyprus__sg-people360-services-pte-ltd,REJECT,uniqueWords,585,125,,,,
profession-origin-org,dietetics__from-czechia__sg-people360-services-pte-ltd,REJECT,uniqueWords,585,125,,,,
profession-origin-org,dietetics__from-dominican-republic__ae-khda,REJECT,uniqueWords,628,168,,,,
profession-origin-org,dietetics__from-egypt__uk-north-london-partners-shared-services,REJECT,uniqueWords,601,141,,,,
profession-origin-org,dietetics__from-ethiopia__sg-people360-services-pte-ltd,REJECT,uniqueWords,591,131,,,,
profession-origin-org,dietetics__from-greece__au-central-queensland-university,REJECT,uniqueWords,577,117,,,,
profession-origin-org,dietetics__from-iceland__uk-nhs-wales-shared-services-partnership,REJECT,uniqueWords,601,141,,,,
profession-origin-org,dietetics__from-india__nz-university-of-otago-language-centre,REJECT,uniqueWords,601,141,,,,
profession-origin-org,dietetics__from-iraq__au-dietitians-association-of-australia,REJECT,uniqueWords,574,114,,,,
profession-origin-org,dietetics__from-israel__uk-tguk-technologies-pvt-ltd,REJECT,uniqueWords,584,124,,,,
profession-origin-org,dietetics__from-japan__au-dietitians-association-of-australia,REJECT,uniqueWords,568,108,,,,
profession-origin-org,dietetics__from-kiribati__uk-tguk-technologies-pvt-ltd,REJECT,uniqueWords,592,132,,,,
profession-origin-org,dietetics__from-kuwait__nz-immigration-nz,REJECT,uniqueWords,753,293,,,,
profession-origin-org,dietetics__from-kyrgyzstan__nz-nzqa,REJECT,uniqueWords,601,141,,,,
profession-origin-org,dietetics__from-lesotho__nz-nzqa,REJECT,uniqueWords,601,141,,,,
profession-origin-org,dietetics__from-libya__nz-university-of-otago-language-centre,REJECT,uniqueWords,607,147,,,,
profession-origin-org,dietetics__from-malawi__uk-bradford-teaching-hospitals-nhs-foundation-trust,REJECT,uniqueWords,612,152,,,,
profession-origin-org,dietetics__from-malaysia__au-ahpra,REJECT,uniqueWords,612,152,,,,
profession-origin-org,dietetics__from-maldives__ca-college-of-dietitians-of-ontario,REJECT,uniqueWords,578,118,,,,
profession-origin-org,dietetics__from-mali__au-australian-department-of-home-affairs,REJECT,uniqueWords,606,146,,,,
profession-origin-org,dietetics__from-mongolia__au-dietitians-association-of-australia,REJECT,uniqueWords,566,106,,,,
profession-origin-org,dietetics__from-mozambique__ie-munster-technological-university,REJECT,uniqueWords,578,118,,,,
profession-origin-org,dietetics__from-myanmar__au-satac,REJECT,uniqueWords,617,157,,,,
profession-origin-org,dietetics__from-nepal__sg-people360-services-pte-ltd,REJECT,uniqueWords,583,123,,,,
profession-origin-org,dietetics__from-niger__ie-coru-regulating-health-and-social-care,REJECT,uniqueWords,624,164,,,,
profession-origin-org,dietetics__from-north-macedonia__au-satac,REJECT,uniqueWords,621,161,,,,
profession-origin-org,dietetics__from-norway__au-nsw-department-of-industry,REJECT,uniqueWords,589,129,,,,
profession-origin-org,dietetics__from-papua-new-guinea__ae-willow-corporate-services,REJECT,uniqueWords,584,124,,,,
profession-origin-org,dietetics__from-peru__au-investment-nsw,REJECT,uniqueWords,565,105,,,,
profession-origin-org,dietetics__from-republic-of-congo__nz-university-of-otago-language-centre,REJECT,uniqueWords,615,155,,,,
profession-origin-org,dietetics__from-rwanda__uk-hcpc,REJECT,uniqueWords,606,147,,,,
profession-origin-org,dietetics__from-san-marino__au-western-australia-department-of-training-and-workforce,REJECT,uniqueWords,665,205,,,,
profession-origin-org,dietetics__from-slovakia__ca-college-of-dietitians-of-ontario,REJECT,uniqueWords,578,118,,,,
profession-origin-org,dietetics__from-somalia__nz-up-education,REJECT,uniqueWords,566,106,,,,
profession-origin-org,dietetics__from-south-korea__nz-immigration-nz,REJECT,uniqueWords,757,297,,,,
profession-origin-org,dietetics__from-spain__sg-allied-health-professions-council-singapore,REJECT,uniqueWords,607,147,,,,
profession-origin-org,dietetics__from-togo__au-immigration-sa-department-for-trade-tourism-and,REJECT,uniqueWords,633,173,,,,
profession-origin-org,dietetics__from-tonga__uk-nhs-wales-shared-services-partnership,REJECT,uniqueWords,607,147,,,,
profession-origin-org,dietetics__from-turkiye__na-hpcna,REJECT,uniqueWords,608,148,,,,
profession-origin-org,dietetics__from-turkmenistan__uk-hcpc,REJECT,uniqueWords,606,147,,,,
profession-origin-org,dietetics__from-ukraine__nz-weltec,REJECT,uniqueWords,601,141,,,,
profession-origin-org,dietetics__from-vanuatu__ca-college-of-dietitians-of-ontario,REJECT,uniqueWords,576,116,,,,
profession-origin-org,dietetics__from-venezuela__ph-neac-medical-exams-application-center-inc,REJECT,uniqueWords,617,157,,,,
profession-origin-org,dietetics__from-yemen__in-apollo-health-resources-limited,REJECT,uniqueWords,585,125,,,,
profession-origin-org,medicine__from-algeria__au-south-australian-medical-education-and-training,REJECT,uniqueWords,593,133,,,,
profession-origin-org,medicine__from-bangladesh__uk-north-east-london-nhs-foundation-trust,REJECT,uniqueWords,599,139,,,,
profession-origin-org,medicine__from-barbados__uk-mid-and-south-essex-nhs-foundation-trust,REJECT,uniqueWords,610,150,,,,
profession-origin-org,medicine__from-benin__uk-east-and-north-hertfordshire-nhs-trust,REJECT,uniqueWords,597,137,,,,
profession-origin-org,medicine__from-burkina-faso__au-macquarie-university,REJECT,uniqueWords,558,98,,,,
profession-origin-org,medicine__from-central-african-republic__uk-university-college-london-hospitals-nhs-foundation-trust,REJECT,uniqueWords,624,164,,,,
profession-origin-org,medicine__from-comoros__uk-imperial-college-healthcare-nhs-trust,REJECT,uniqueWords,586,126,,,,
profession-origin-org,medicine__from-croatia__ca-college-of-physicians-and-surgeons-of-new,REJECT,uniqueWords,608,148,,,,
profession-origin-org,medicine__from-dominica__ua-ukrainian-medical-council,REJECT,uniqueWords,552,92,,,,
profession-origin-org,medicine__from-el-salvador__sg-people360-services-pte-ltd,REJECT,uniqueWords,587,127,,,,
profession-origin-org,medicine__from-ethiopia__au-the-university-of-adelaide,REJECT,uniqueWords,583,123,,,,
profession-origin-org,medicine__from-finland__uk-birmingham-community-healthcare-nhs-trust,REJECT,uniqueWords,588,128,,,,
profession-origin-org,medicine__from-france__uk-somerset-nhs-foundation-trust,REJECT,uniqueWords,577,117,,,,
profession-origin-org,medicine__from-gabon__nz-university-of-otago-language-centre,REJECT,uniqueWords,601,141,,,,
profession-origin-org,medicine__from-gambia__nz-nz-locums,REJECT,uniqueWords,552,92,,,,
profession-origin-org,medicine__from-guatemala__uk-south-london-and-maudsley-nhs-trust,REJECT,uniqueWords,605,145,,,,
profession-origin-org,medicine__from-guyana__uk-royal-college-of-anaesthetists,REJECT,uniqueWords,574,114,,,,
profession-origin-org,medicine__from-iceland__uk-calderdale-and-huddersfield-nhs-trust,REJECT,uniqueWords,588,128,,,,
profession-origin-org,medicine__from-iran__uk-mid-cheshire-hospitals-nhs-foundation-trust,REJECT,uniqueWords,599,139,,,,
profession-origin-org,medicine__from-ireland__ca-university-of-saskatchewan-college-of-medicine,REJECT,uniqueWords,609,150,,,,
profession-origin-org,medicine__from-kenya__nz-working-in,REJECT,uniqueWords,553,93,,,,
profession-origin-org,medicine__from-kosovo__uk-north-cumbria-integrated-care-nhs-foundation-trust,REJECT,uniqueWords,616,156,,,,
profession-origin-org,medicine__from-kuwait__uk-north-bristol-nhs-trust,REJECT,uniqueWords,577,117,,,,
profession-origin-org,medicine__from-liberia__us-cleveland-clinic-foundation-graduate-medical-education,REJECT,uniqueWords,588,128,,,,
profession-origin-org,medicine__from-libya__uk-university-of-the-highlands-and-islands,REJECT,uniqueWords,608,148,,,,
profession-origin-org,medicine__from-liechtenstein__uk-nhs-wales-shared-services-partnership,REJECT,uniqueWords,607,147,,,,
profession-origin-org,medicine__from-luxembourg__uk-chase-madison,REJECT,uniqueWords,556,96,,,,
profession-origin-org,medicine__from-malawi__au-nsw-department-of-industry,REJECT,uniqueWords,589,129,,,,
profession-origin-org,medicine__from-moldova__nz-up-education,REJECT,uniqueWords,566,106,,,,
profession-origin-org,medicine__from-montenegro__nz-nz-locums,REJECT,uniqueWords,546,86,,,,
profession-origin-org,medicine__from-nicaragua__ae-department-of-health-abu-dhabi,REJECT,uniqueWords,590,130,,,,
profession-origin-org,medicine__from-nigeria__in-india-international-technical-recruiters,REJECT,uniqueWords,582,122,,,,
profession-origin-org,medicine__from-papua-new-guinea__us-ecfmg,REJECT,uniqueWords,607,147,,,,
profession-origin-org,medicine__from-paraguay__uk-royal-united-hospitals-nhs-foundation-trust,REJECT,uniqueWords,599,139,,,,
profession-origin-org,medicine__from-portugal__uk-norfolk-and-norwich-university-hospitals-nhs-foundation,REJECT,uniqueWords,621,161,,,,
profession-origin-org,medicine__from-qatar__ae-dubai-healthcare-city-authority,REJECT,uniqueWords,597,137,,,,
profession-origin-org,medicine__from-saint-kitts-and-nevis__uk-north-cumbria-integrated-care-nhs-foundation-trust,REJECT,uniqueWords,622,162,,,,
profession-origin-org,medicine__from-saint-vincent-and-the-grenadines__nz-atmc-nz-limited,REJECT,uniqueWords,591,131,,,,
profession-origin-org,medicine__from-saudi-arabia__nz-immigration-nz,REJECT,uniqueWords,757,297,,,,
profession-origin-org,medicine__from-seychelles__uk-sussex-partnership-nhs-foundation-trust,REJECT,uniqueWords,588,128,,,,
profession-origin-org,medicine__from-slovakia__au-university-of-wollongong,REJECT,uniqueWords,566,106,,,,
profession-origin-org,medicine__from-south-africa__uk-north-bristol-nhs-trust,REJECT,uniqueWords,581,121,,,,
profession-origin-org,medicine__from-south-sudan__nz-nzqa,REJECT,uniqueWords,605,145,,,,
profession-origin-org,medicine__from-sri-lanka__uk-queen-victoria-hospital-nhs-foundation-trust,REJECT,uniqueWords,601,141,,,,
profession-origin-org,medicine__from-sudan__ca-alberta-health-services,REJECT,uniqueWords,557,97,,,,
profession-origin-org,medicine__from-suriname__uk-croydon-health-services,REJECT,uniqueWords,564,104,,,,
profession-origin-org,medicine__from-tunisia__uk-university-hospitals-sussex-nhs-foundation-trust,REJECT,uniqueWords,599,139,,,,
profession-origin-org,medicine__from-ukraine__uk-care-plus-group,REJECT,uniqueWords,566,106,,,,
profession-origin-org,medicine__from-vanuatu__us-tec,REJECT,uniqueWords,576,116,,,,
profession-origin-org,medicine__from-vietnam__mv-maldives-medical-and-dental-council,REJECT,uniqueWords,582,122,,,,
profession-origin-org,nursing__from-albania__uk-search-recruitment-ltd,REJECT,uniqueWords,553,93,,,,
profession-origin-org,nursing__from-austria__uk-alder-hey-children-s-nhs-foundation-trust,REJECT,uniqueWords,605,145,,,,
profession-origin-org,nursing__from-bahamas__nz-nzqa,REJECT,uniqueWords,605,145,,,,
profession-origin-org,nursing__from-barbados__uk-the-robert-jones-and-agnes-hunt-orthopaedic,REJECT,uniqueWords,656,196,,,,
profession-origin-org,nursing__from-belize__uk-mediscan-staffing-limited,REJECT,uniqueWords,559,99,,,,
profession-origin-org,nursing__from-bolivia__au-ahpra,REJECT,uniqueWords,610,150,,,,
profession-origin-org,nursing__from-burkina-faso__in-norka-roots,REJECT,uniqueWords,579,119,,,,
profession-origin-org,nursing__from-central-african-republic__uk-imperial-college-healthcare-nhs-trust,REJECT,uniqueWords,602,142,,,,
profession-origin-org,nursing__from-chad__uk-salisbury-nhs-foundation-trust,REJECT,uniqueWords,575,115,,,,
profession-origin-org,nursing__from-china__uk-university-hospitals-sussex-nhs-foundation-trust,REJECT,uniqueWords,599,139,,,,
profession-origin-org,nursing__from-cook-islands__uk-brunel-university-london,REJECT,uniqueWords,576,116,,,,
profession-origin-org,nursing__from-croatia__uk-acacium-group,REJECT,uniqueWords,556,96,,,,
profession-origin-org,nursing__from-cuba__us-south-dakota-state-board-of-nursing,REJECT,uniqueWords,595,135,,,,
profession-origin-org,nursing__from-guinea-bissau__uk-medilink-consulting-ltd,REJECT,uniqueWords,564,104,,,,
profession-origin-org,nursing__from-guinea__uk-concept-care-solutions,REJECT,uniqueWords,559,99,,,,
profession-origin-org,nursing__from-kenya__us-idaho-board-of-nursing-division-of,REJECT,uniqueWords,627,167,,,,
profession-origin-org,nursing__from-madagascar__uk-medway-nhs-foundation-trust,REJECT,uniqueWords,575,115,,,,
profession-origin-org,nursing__from-maldives__uk-manchester-metropolitan-university,REJECT,uniqueWords,566,106,,,,
profession-origin-org,nursing__from-mali__uk-university-hospitals-of-north-midlands-nhs-trust,REJECT,uniqueWords,616,156,,,,
profession-origin-org,nursing__from-malta__au-curtin-university,REJECT,uniqueWords,566,106,,,,
profession-origin-org,nursing__from-mozambique__uk-berkshire-healthcare-nhs-foundation-trust,REJECT,uniqueWords,578,118,,,,
profession-origin-org,nursing__from-myanmar__au-australian-catholic-university,REJECT,uniqueWords,563,103,,,,
profession-origin-org,nursing__from-niger__ph-marlow-people-solutions-inc,REJECT,uniqueWords,569,109,,,,
profession-origin-org,nursing__from-oman__au-australian-college-of-nursing,REJECT,uniqueWords,567,107,,,,
profession-origin-org,nursing__from-portugal__uk-sheffield-teaching-hospitals-nhs-foundation-trust,REJECT,uniqueWords,599,139,,,,
profession-origin-org,nursing__from-saint-lucia__uk-good-people,REJECT,uniqueWords,572,112,,,,
profession-origin-org,nursing__from-saint-vincent-and-the-grenadines__us-south-dakota-state-board-of-nursing,REJECT,uniqueWords,605,145,,,,
profession-origin-org,nursing__from-seychelles__au-immigration-sa-department-for-trade-tourism-and,REJECT,uniqueWords,633,173,,,,
profession-origin-org,nursing__from-south-korea__ae-dubai-healthcare-city-authority,REJECT,uniqueWords,595,135,,,,
profession-origin-org,nursing__from-sri-lanka__uk-norfolk-community-healthcare,REJECT,uniqueWords,560,100,,,,
profession-origin-org,nursing__from-sudan__uk-east-kent-hospitals-university-nhs-foundation-trust,REJECT,uniqueWords,610,150,,,,
profession-origin-org,nursing__from-sweden__ae-department-of-health-abu-dhabi,REJECT,uniqueWords,588,128,,,,
profession-origin-org,nursing__from-tajikistan__uk-medacs-healthcare,REJECT,uniqueWords,554,94,,,,
profession-origin-org,nursing__from-timor-leste__in-prakara-learning-pvt-ltd,REJECT,uniqueWords,584,124,,,,
profession-origin-org,nursing__from-tunisia__uk-south-tyneside-and-sunderland-nhs-foundation-trust,REJECT,uniqueWords,610,150,,,,
profession-origin-org,nursing__from-tuvalu__us-new-jersey-board-of-nursing,REJECT,uniqueWords,585,125,,,,
profession-origin-org,nursing__from-uzbekistan__uk-university-hospitals-dorset,REJECT,uniqueWords,564,104,,,,
profession-origin-org,occupational-therapy__from-algeria__au-occupational-therapy-council-of-australia,REJECT,uniqueWords,588,128,,,,
profession-origin-org,occupational-therapy__from-argentina__au-satac,REJECT,uniqueWords,615,155,,,,
profession-origin-org,occupational-therapy__from-armenia__uk-the-university-of-sheffield,REJECT,uniqueWords,595,135,,,,
profession-origin-org,occupational-therapy__from-bahamas__uk-university-of-bradford,REJECT,uniqueWords,579,119,,,,
profession-origin-org,occupational-therapy__from-bangladesh__au-immigration-sa-department-for-trade-tourism-and,REJECT,uniqueWords,637,177,,,,
profession-origin-org,occupational-therapy__from-bhutan__nz-nzqa,REJECT,uniqueWords,605,145,,,,
profession-origin-org,occupational-therapy__from-bolivia__au-central-queensland-university,REJECT,uniqueWords,573,113,,,,
profession-origin-org,occupational-therapy__from-bosnia-and-herzegovina__au-immigration-sa-department-for-trade-tourism-and,REJECT,uniqueWords,645,185,,,,
profession-origin-org,occupational-therapy__from-botswana__nz-atmc-nz-limited,REJECT,uniqueWords,585,125,,,,
profession-origin-org,occupational-therapy__from-cambodia__au-flinders-university,REJECT,uniqueWords,558,98,,,,
profession-origin-org,occupational-therapy__from-cameroon__ph-dataflow-group,REJECT,uniqueWords,572,112,,,,
profession-origin-org,occupational-therapy__from-chad__au-ahpra,REJECT,uniqueWords,614,154,,,,
profession-origin-org,occupational-therapy__from-cote-divoire__au-flinders-university,REJECT,uniqueWords,564,104,,,,
profession-origin-org,occupational-therapy__from-cyprus__au-health-careers-international,REJECT,uniqueWords,570,110,,,,
profession-origin-org,occupational-therapy__from-denmark__na-hpcna,REJECT,uniqueWords,612,152,,,,
profession-origin-org,occupational-therapy__from-ecuador__ph-neac-medical-exams-application-center-inc,REJECT,uniqueWords,621,161,,,,
profession-origin-org,occupational-therapy__from-france__nz-nzqa,REJECT,uniqueWords,605,145,,,,
profession-origin-org,occupational-therapy__from-gabon__ae-khda,REJECT,uniqueWords,628,168,,,,
profession-origin-org,occupational-therapy__from-ghana__au-curtin-university,REJECT,uniqueWords,564,104,,,,
profession-origin-org,occupational-therapy__from-guatemala__ae-dubai-healthcare-city-authority,REJECT,uniqueWords,601,141,,,,
profession-origin-org,occupational-therapy__from-guyana__nz-immigration-nz,REJECT,uniqueWords,763,303,,,,
profession-origin-org,occupational-therapy__from-indonesia__au-health-careers-international,REJECT,uniqueWords,568,108,,,,
profession-origin-org,occupational-therapy__from-iran__nz-weltec,REJECT,uniqueWords,605,145,,,,
profession-origin-org,occupational-therapy__from-ireland__us-professional-credential-services,REJECT,uniqueWords,572,112,,,,
profession-origin-org,occupational-therapy__from-jamaica__au-nsw-department-of-industry,REJECT,uniqueWords,591,131,,,,
profession-origin-org,occupational-therapy__from-latvia__nz-weltec,REJECT,uniqueWords,605,145,,,,
profession-origin-org,occupational-therapy__from-malaysia__sg-allied-health-professions-council-singapore,REJECT,uniqueWords,605,145,,,,
profession-origin-org,occupational-therapy__from-maldives__au-flinders-university,REJECT,uniqueWords,560,100,,,,
profession-origin-org,occupational-therapy__from-malta__uk-tguk-technologies-pvt-ltd,REJECT,uniqueWords,596,136,,,,
profession-origin-org,occupational-therapy__from-micronesia__au-saaprm,REJECT,uniqueWords,623,163,,,,
profession-origin-org,occupational-therapy__from-nigeria__au-australian-department-of-home-affairs,REJECT,uniqueWords,610,150,,,,
profession-origin-org,occupational-therapy__from-oman__nz-atmc-nz-limited,REJECT,uniqueWords,579,119,,,,
profession-origin-org,occupational-therapy__from-pakistan__au-western-australia-department-of-training-and-workforce,REJECT,uniqueWords,665,205,,,,
profession-origin-org,occupational-therapy__from-papua-new-guinea__au-satac,REJECT,uniqueWords,623,163,,,,
profession-origin-org,occupational-therapy__from-poland__au-nsw-department-of-industry,REJECT,uniqueWords,593,133,,,,
profession-origin-org,occupational-therapy__from-qatar__au-investment-nsw,REJECT,uniqueWords,577,117,,,,
profession-origin-org,occupational-therapy__from-republic-of-congo__au-australian-department-of-home-affairs,REJECT,uniqueWords,618,158,,,,
profession-origin-org,occupational-therapy__from-romania__na-hpcna,REJECT,uniqueWords,618,158,,,,
profession-origin-org,occupational-therapy__from-saint-kitts-and-nevis__uk-the-university-of-sheffield,REJECT,uniqueWords,601,141,,,,
profession-origin-org,occupational-therapy__from-saint-vincent-and-the-grenadines__au-deakin-university,REJECT,uniqueWords,580,120,,,,
profession-origin-org,occupational-therapy__from-sierra-leone__uk-university-of-the-highlands-and-islands,REJECT,uniqueWords,610,150,,,,
profession-origin-org,occupational-therapy__from-slovakia__us-lara,REJECT,uniqueWords,637,177,,,,
profession-origin-org,occupational-therapy__from-south-africa__nz-atmc-nz-limited,REJECT,uniqueWords,583,123,,,,
profession-origin-org,occupational-therapy__from-spain__au-curtin-university,REJECT,uniqueWords,570,110,,,,
profession-origin-org,occupational-therapy__from-sri-lanka__uk-university-of-chester,REJECT,uniqueWords,577,117,,,,
profession-origin-org,occupational-therapy__from-sudan__nz-university-of-otago-language-centre,REJECT,uniqueWords,605,145,,,,
profession-origin-org,occupational-therapy__from-sweden__au-occupational-therapy-board-of-australia,REJECT,uniqueWords,581,121,,,,
profession-origin-org,occupational-therapy__from-tunisia__uk-nhs-england-workforce-training-and-education-directorate,REJECT,uniqueWords,671,211,,,,
profession-origin-org,occupational-therapy__from-turkiye__uk-north-london-partners-shared-services,REJECT,uniqueWords,605,145,,,,
profession-origin-org,occupational-therapy__from-uruguay__au-edith-cowan-university,REJECT,uniqueWords,575,115,,,,
profession-origin-org,optometry__from-afghanistan__uk-teesside-university,REJECT,uniqueWords,566,106,,,,
profession-origin-org,optometry__from-argentina__ie-coru-regulating-health-and-social-care,REJECT,uniqueWords,618,159,,,,
profession-origin-org,optometry__from-belarus__au-australian-department-of-home-affairs,REJECT,uniqueWords,598,138,,,,
profession-origin-org,optometry__from-brazil__ie-coru-regulating-health-and-social-care,REJECT,uniqueWords,616,158,,,,
profession-origin-org,optometry__from-burkina-faso__uk-tguk-technologies-pvt-ltd,REJECT,uniqueWords,588,128,,,,
profession-origin-org,optometry__from-colombia__au-optometry-board-of-australia,REJECT,uniqueWords,566,106,,,,
profession-origin-org,optometry__from-cook-islands__ph-dataflow-group,REJECT,uniqueWords,578,118,,,,
profession-origin-org,optometry__from-costa-rica__uk-nhs-wales-shared-services-partnership,REJECT,uniqueWords,605,145,,,,
profession-origin-org,optometry__from-dominican-republic__sg-allied-health-professions-council-singapore,REJECT,uniqueWords,605,145,,,,
profession-origin-org,optometry__from-equatorial-guinea__in-apollo-health-resources-limited,REJECT,uniqueWords,589,129,,,,
profession-origin-org,optometry__from-france__us-lara,REJECT,uniqueWords,633,173,,,,
profession-origin-org,optometry__from-gabon__uk-ucl,REJECT,uniqueWords,584,124,,,,
profession-origin-org,optometry__from-guinea-bissau__ie-munster-technological-university,REJECT,uniqueWords,584,124,,,,
profession-origin-org,optometry__from-guyana__us-lara,REJECT,uniqueWords,639,179,,,,
profession-origin-org,optometry__from-haiti__au-ahpra,REJECT,uniqueWords,618,158,,,,
profession-origin-org,optometry__from-jordan__uk-bradford-teaching-hospitals-nhs-foundation-trust,REJECT,uniqueWords,610,150,,,,
profession-origin-org,optometry__from-kuwait__uk-ulster-university,REJECT,uniqueWords,562,102,,,,
profession-origin-org,optometry__from-liberia__nz-university-of-otago-language-centre,REJECT,uniqueWords,601,141,,,,
profession-origin-org,optometry__from-liechtenstein__uk-tguk-technologies-pvt-ltd,REJECT,uniqueWords,592,132,,,,
profession-origin-org,optometry__from-luxembourg__uk-ulster-university,REJECT,uniqueWords,562,102,,,,
profession-origin-org,optometry__from-malaysia__nz-nzqa,REJECT,uniqueWords,601,141,,,,
profession-origin-org,optometry__from-mauritania__au-macquarie-university,REJECT,uniqueWords,562,102,,,,
profession-origin-org,optometry__from-mexico__uk-ucl,REJECT,uniqueWords,590,130,,,,
profession-origin-org,optometry__from-monaco__nz-optometrists-and-dispensing-opticians-board-of-new,REJECT,uniqueWords,615,155,,,,
profession-origin-org,optometry__from-nigeria__nz-immigration-nz,REJECT,uniqueWords,759,299,,,,
profession-origin-org,optometry__from-norway__au-immigration-sa-department-for-trade-tourism-and,REJECT,uniqueWords,633,173,,,,
profession-origin-org,optometry__from-pakistan__nz-immigration-nz,REJECT,uniqueWords,759,299,,,,
profession-origin-org,optometry__from-palestine__au-investment-nsw,REJECT,uniqueWords,573,113,,,,
profession-origin-org,optometry__from-poland__au-optometry-board-of-australia,REJECT,uniqueWords,568,108,,,,
profession-origin-org,optometry__from-romania__us-professional-credential-services,REJECT,uniqueWords,574,114,,,,
profession-origin-org,optometry__from-russia__nz-university-of-otago-language-centre,REJECT,uniqueWords,601,141,,,,
profession-origin-org,optometry__from-slovakia__uk-ulster-university,REJECT,uniqueWords,562,102,,,,
profession-origin-org,optometry__from-slovenia__sg-allied-health-professions-council-singapore,REJECT,uniqueWords,607,147,,,,
profession-origin-org,optometry__from-solomon-islands__au-ahpra,REJECT,uniqueWords,616,156,,,,
profession-origin-org,optometry__from-syria__uk-ulster-university,REJECT,uniqueWords,560,100,,,,
profession-origin-org,optometry__from-tajikistan__uk-good-people,REJECT,uniqueWords,566,106,,,,
profession-origin-org,optometry__from-togo__au-satac,REJECT,uniqueWords,611,151,,,,
profession-origin-org,optometry__from-turkiye__ph-neac-medical-exams-application-center-inc,REJECT,uniqueWords,611,152,,,,
profession-origin-org,optometry__from-vanuatu__au-immigration-sa-department-for-trade-tourism-and,REJECT,uniqueWords,631,171,,,,
profession-origin-org,optometry__from-zambia__nz-up-education,REJECT,uniqueWords,566,106,,,,
profession-origin-org,pharmacy__from-angola__au-western-australia-department-of-training-and-workforce,REJECT,uniqueWords,655,195,,,,
profession-origin-org,pharmacy__from-antigua-and-barbuda__nz-weltec,REJECT,uniqueWords,615,155,,,,
profession-origin-org,pharmacy__from-burkina-faso__us-lara,REJECT,uniqueWords,635,175,,,,
profession-origin-org,pharmacy__from-croatia__uk-tguk-technologies-pvt-ltd,REJECT,uniqueWords,586,126,,,,
profession-origin-org,pharmacy__from-cyprus__au-investment-nsw,REJECT,uniqueWords,567,107,,,,
profession-origin-org,pharmacy__from-denmark__au-satac,REJECT,uniqueWords,611,151,,,,
profession-origin-org,pharmacy__from-ethiopia__in-apollo-health-resources-limited,REJECT,uniqueWords,591,131,,,,
profession-origin-org,pharmacy__from-fiji__sg-singapore-pharmacy-council,REJECT,uniqueWords,558,98,,,,
profession-origin-org,pharmacy__from-guatemala__uk-university-of-brighton,REJECT,uniqueWords,578,118,,,,
profession-origin-org,pharmacy__from-guinea-bissau__nz-nzqa,REJECT,uniqueWords,607,147,,,,
profession-origin-org,pharmacy__from-honduras__ca-alberta-college-of-pharmacy,REJECT,uniqueWords,564,106,,,,
profession-origin-org,pharmacy__from-indonesia__ph-neac-medical-exams-application-center-inc,REJECT,uniqueWords,609,151,,,,
profession-origin-org,pharmacy__from-kazakhstan__ph-neac-medical-exams-application-center-inc,REJECT,uniqueWords,609,151,,,,
profession-origin-org,pharmacy__from-kenya__au-australian-department-of-home-affairs,REJECT,uniqueWords,598,138,,,,
profession-origin-org,pharmacy__from-kyrgyzstan__ca-nova-scotia-pharmacy-regulator,REJECT,uniqueWords,568,108,,,,
profession-origin-org,pharmacy__from-liberia__au-australian-department-of-home-affairs,REJECT,uniqueWords,600,140,,,,
profession-origin-org,pharmacy__from-malawi__ca-vancouver-community-college,REJECT,uniqueWords,561,101,,,,
profession-origin-org,pharmacy__from-marshall-islands__us-professional-credential-services,REJECT,uniqueWords,572,112,,,,
profession-origin-org,pharmacy__from-mozambique__uk-ucl,REJECT,uniqueWords,584,124,,,,
profession-origin-org,pharmacy__from-namibia__uk-nhs-wales-shared-services-partnership,REJECT,uniqueWords,601,141,,,,
profession-origin-org,pharmacy__from-panama__au-edith-cowan-university,REJECT,uniqueWords,569,109,,,,
profession-origin-org,pharmacy__from-portugal__ph-dataflow-group,REJECT,uniqueWords,568,108,,,,
profession-origin-org,pharmacy__from-republic-of-congo__ie-munster-technological-university,REJECT,uniqueWords,592,132,,,,
profession-origin-org,pharmacy__from-saint-kitts-and-nevis__au-deakin-university,REJECT,uniqueWords,572,112,,,,
profession-origin-org,pharmacy__from-saint-lucia__au-australian-pharmacy-council,REJECT,uniqueWords,562,102,,,,
profession-origin-org,pharmacy__from-san-marino__na-hpcna,REJECT,uniqueWords,618,158,,,,
profession-origin-org,pharmacy__from-senegal__uk-ulster-university,REJECT,uniqueWords,568,108,,,,
profession-origin-org,pharmacy__from-slovenia__au-australian-department-of-home-affairs,REJECT,uniqueWords,606,146,,,,
profession-origin-org,pharmacy__from-south-sudan__au-university-of-tasmania,REJECT,uniqueWords,570,110,,,,
profession-origin-org,pharmacy__from-tonga__uk-teesside-university,REJECT,uniqueWords,574,114,,,,
profession-origin-org,pharmacy__from-uruguay__ae-willow-corporate-services,REJECT,uniqueWords,576,116,,,,
profession-origin-org,pharmacy__from-uzbekistan__uk-university-of-brighton,REJECT,uniqueWords,570,110,,,,
profession-origin-org,pharmacy__from-yemen__ca-bow-valley-college,REJECT,uniqueWords,557,97,,,,
profession-origin-org,physiotherapy__from-afghanistan__uk-tguk-technologies-pvt-ltd,REJECT,uniqueWords,584,124,,,,
profession-origin-org,physiotherapy__from-andorra__au-griffith-university,REJECT,uniqueWords,562,102,,,,
profession-origin-org,physiotherapy__from-argentina__ae-khda,REJECT,uniqueWords,624,164,,,,
profession-origin-org,physiotherapy__from-armenia__uk-university-of-the-highlands-and-islands,REJECT,uniqueWords,608,148,,,,
profession-origin-org,physiotherapy__from-brazil__au-immigration-sa-department-for-trade-tourism-and,REJECT,uniqueWords,631,171,,,,
profession-origin-org,physiotherapy__from-chile__ae-khda,REJECT,uniqueWords,630,170,,,,
profession-origin-org,physiotherapy__from-cuba__uk-ulster-university,REJECT,uniqueWords,568,108,,,,
profession-origin-org,physiotherapy__from-czechia__nz-atmc-nz-limited,REJECT,uniqueWords,575,115,,,,
profession-origin-org,physiotherapy__from-denmark__nz-physiotherapy-board-of-new-zealand,REJECT,uniqueWords,579,119,,,,
profession-origin-org,physiotherapy__from-dominican-republic__uk-university-of-brighton,REJECT,uniqueWords,576,116,,,,
profession-origin-org,physiotherapy__from-dr-congo__ie-coru-regulating-health-and-social-care,REJECT,uniqueWords,622,163,,,,
profession-origin-org,physiotherapy__from-el-salvador__nz-up-education,REJECT,uniqueWords,570,110,,,,
profession-origin-org,physiotherapy__from-estonia__nz-immigration-nz,REJECT,uniqueWords,759,299,,,,
profession-origin-org,physiotherapy__from-fiji__uk-the-university-of-sheffield,REJECT,uniqueWords,585,125,,,,
profession-origin-org,physiotherapy__from-france__uk-university-of-chester,REJECT,uniqueWords,571,111,,,,
profession-origin-org,physiotherapy__from-gambia__uk-bradford-teaching-hospitals-nhs-foundation-trust,REJECT,uniqueWords,616,156,,,,
profession-origin-org,physiotherapy__from-guyana__uk-university-of-brighton,REJECT,uniqueWords,578,118,,,,
profession-origin-org,physiotherapy__from-hungary__ae-khda,REJECT,uniqueWords,624,164,,,,
profession-origin-org,physiotherapy__from-kazakhstan__nz-university-of-otago-language-centre,REJECT,uniqueWords,599,139,,,,
profession-origin-org,physiotherapy__from-kosovo__ie-munster-technological-university,REJECT,uniqueWords,584,124,,,,
profession-origin-org,physiotherapy__from-luxembourg__ph-dataflow-group,REJECT,uniqueWords,568,108,,,,
profession-origin-org,physiotherapy__from-malawi__uk-university-of-chester,REJECT,uniqueWords,571,111,,,,
profession-origin-org,physiotherapy__from-morocco__au-investment-nsw,REJECT,uniqueWords,565,105,,,,
profession-origin-org,physiotherapy__from-palau__uk-good-people,REJECT,uniqueWords,568,108,,,,
profession-origin-org,physiotherapy__from-saint-lucia__au-australian-department-of-home-affairs,REJECT,uniqueWords,604,144,,,,
profession-origin-org,physiotherapy__from-samoa__uk-university-of-chester,REJECT,uniqueWords,577,117,,,,
profession-origin-org,physiotherapy__from-senegal__au-immigration-sa-department-for-trade-tourism-and,REJECT,uniqueWords,639,179,,,,
profession-origin-org,physiotherapy__from-seychelles__us-lara,REJECT,uniqueWords,633,173,,,,
profession-origin-org,physiotherapy__from-south-sudan__au-western-australia-department-of-training-and-workforce,REJECT,uniqueWords,659,199,,,,
profession-origin-org,physiotherapy__from-spain__au-western-australia-department-of-training-and-workforce,REJECT,uniqueWords,661,201,,,,
profession-origin-org,physiotherapy__from-sri-lanka__us-professional-credential-services,REJECT,uniqueWords,570,110,,,,
profession-origin-org,physiotherapy__from-syria__nz-university-of-otago-language-centre,REJECT,uniqueWords,599,139,,,,
profession-origin-org,physiotherapy__from-tanzania__au-saaprm,REJECT,uniqueWords,621,161,,,,
profession-origin-org,physiotherapy__from-thailand__nz-atmc-nz-limited,REJECT,uniqueWords,575,115,,,,
profession-origin-org,physiotherapy__from-timor-leste__nz-up-education,REJECT,uniqueWords,574,114,,,,
profession-origin-org,physiotherapy__from-togo__uk-university-of-chester,REJECT,uniqueWords,571,111,,,,
profession-origin-org,physiotherapy__from-tunisia__nz-weltec,REJECT,uniqueWords,601,141,,,,
profession-origin-org,physiotherapy__from-vanuatu__us-professional-credential-services,REJECT,uniqueWords,566,106,,,,
profession-origin-org,physiotherapy__from-vietnam__ae-willow-corporate-services,REJECT,uniqueWords,574,114,,,,
profession-origin-org,podiatry__from-belarus__au-immigration-sa-department-for-trade-tourism-and,REJECT,uniqueWords,631,171,,,,
profession-origin-org,podiatry__from-bhutan__nz-up-education,REJECT,uniqueWords,568,108,,,,
profession-origin-org,podiatry__from-botswana__nz-up-education,REJECT,uniqueWords,574,114,,,,
profession-origin-org,podiatry__from-burundi__us-professional-credential-services,REJECT,uniqueWords,574,114,,,,
profession-origin-org,podiatry__from-chile__uk-teesside-university,REJECT,uniqueWords,574,114,,,,
profession-origin-org,podiatry__from-cook-islands__nz-weltec,REJECT,uniqueWords,611,151,,,,
profession-origin-org,podiatry__from-cote-divoire__au-nsw-department-of-industry,REJECT,uniqueWords,593,133,,,,
profession-origin-org,podiatry__from-dominican-republic__ph-neac-medical-exams-application-center-inc,REJECT,uniqueWords,615,156,,,,
profession-origin-org,podiatry__from-dominica__nz-nzqa,REJECT,uniqueWords,599,139,,,,
profession-origin-org,podiatry__from-dr-congo__na-hpcna,REJECT,uniqueWords,612,152,,,,
profession-origin-org,podiatry__from-egypt__au-podiatry-board-of-australia,REJECT,uniqueWords,568,108,,,,
profession-origin-org,podiatry__from-eswatini__au-nsw-department-of-industry,REJECT,uniqueWords,587,127,,,,
profession-origin-org,podiatry__from-france__ie-coru-regulating-health-and-social-care,REJECT,uniqueWords,618,159,,,,
profession-origin-org,podiatry__from-ghana__au-nsw-department-of-industry,REJECT,uniqueWords,589,129,,,,
profession-origin-org,podiatry__from-guinea-bissau__ae-dubai-healthcare-city-authority,REJECT,uniqueWords,597,137,,,,
profession-origin-org,podiatry__from-iceland__nz-atmc-nz-limited,REJECT,uniqueWords,575,115,,,,
profession-origin-org,podiatry__from-italy__uk-bradford-teaching-hospitals-nhs-foundation-trust,REJECT,uniqueWords,612,152,,,,
profession-origin-org,podiatry__from-japan__au-nsw-department-of-industry,REJECT,uniqueWords,589,129,,,,
profession-origin-org,podiatry__from-kenya__uk-good-people,REJECT,uniqueWords,566,106,,,,
profession-origin-org,podiatry__from-kosovo__ae-khda,REJECT,uniqueWords,630,170,,,,
profession-origin-org,podiatry__from-liechtenstein__uk-bradford-teaching-hospitals-nhs-foundation-trust,REJECT,uniqueWords,618,158,,,,
profession-origin-org,podiatry__from-luxembourg__in-apollo-health-resources-limited,REJECT,uniqueWords,585,125,,,,
profession-origin-org,podiatry__from-malawi__au-podiatry-board-of-australia,REJECT,uniqueWords,568,108,,,,
profession-origin-org,podiatry__from-micronesia__au-ipa-recruitment-solutions,REJECT,uniqueWords,576,116,,,,
profession-origin-org,podiatry__from-montenegro__sg-allied-health-professions-council-singapore,REJECT,uniqueWords,599,139,,,,
profession-origin-org,podiatry__from-nicaragua__au-western-australia-department-of-training-and-workforce,REJECT,uniqueWords,655,195,,,,
profession-origin-org,podiatry__from-niger__uk-north-london-partners-shared-services,REJECT,uniqueWords,607,147,,,,
profession-origin-org,podiatry__from-oman__us-professional-credential-services,REJECT,uniqueWords,568,108,,,,
profession-origin-org,podiatry__from-pakistan__au-ahpra,REJECT,uniqueWords,618,158,,,,
profession-origin-org,podiatry__from-palau__au-australian-department-of-home-affairs,REJECT,uniqueWords,600,140,,,,
profession-origin-org,podiatry__from-qatar__ie-coru-regulating-health-and-social-care,REJECT,uniqueWords,624,164,,,,
profession-origin-org,podiatry__from-sao-tome-and-principe__nz-podiatrists-board-of-new-zealand,REJECT,uniqueWords,591,131,,,,
profession-origin-org,podiatry__from-senegal__au-nsw-department-of-industry,REJECT,uniqueWords,595,135,,,,
profession-origin-org,podiatry__from-singapore__in-apollo-health-resources-limited,REJECT,uniqueWords,583,123,,,,
profession-origin-org,podiatry__from-slovenia__ie-coru-regulating-health-and-social-care,REJECT,uniqueWords,624,164,,,,
profession-origin-org,podiatry__from-somalia__nz-university-of-otago-language-centre,REJECT,uniqueWords,599,139,,,,
profession-origin-org,podiatry__from-south-africa__sg-allied-health-professions-council-singapore,REJECT,uniqueWords,605,145,,,,
profession-origin-org,podiatry__from-south-sudan__uk-teesside-university,REJECT,uniqueWords,572,112,,,,
profession-origin-org,podiatry__from-sri-lanka__au-ahpra,REJECT,uniqueWords,614,154,,,,
profession-origin-org,podiatry__from-tanzania__au-ahpra,REJECT,uniqueWords,612,152,,,,
profession-origin-org,podiatry__from-timor-leste__uk-bradford-teaching-hospitals-nhs-foundation-trust,REJECT,uniqueWords,618,158,,,,
profession-origin-org,podiatry__from-tunisia__uk-nhs-wales-shared-services-partnership,REJECT,uniqueWords,601,141,,,,
profession-origin-org,podiatry__from-zimbabwe__au-australian-department-of-home-affairs,REJECT,uniqueWords,600,140,,,,
profession-origin-org,radiography__from-algeria__au-australian-department-of-home-affairs,REJECT,uniqueWords,606,146,,,,
profession-origin-org,radiography__from-bangladesh__nz-university-of-otago-language-centre,REJECT,uniqueWords,601,141,,,,
profession-origin-org,radiography__from-barbados__nz-immigration-nz,REJECT,uniqueWords,753,293,,,,
profession-origin-org,radiography__from-benin__uk-tguk-technologies-pvt-ltd,REJECT,uniqueWords,584,124,,,,
profession-origin-org,radiography__from-bolivia__uk-ucl,REJECT,uniqueWords,582,122,,,,
profession-origin-org,radiography__from-brunei__uk-bradford-teaching-hospitals-nhs-foundation-trust,REJECT,uniqueWords,618,158,,,,
profession-origin-org,radiography__from-cambodia__au-ahpra,REJECT,uniqueWords,610,150,,,,
profession-origin-org,radiography__from-cape-verde__ie-munster-technological-university,REJECT,uniqueWords,582,122,,,,
profession-origin-org,radiography__from-china__au-satac,REJECT,uniqueWords,611,151,,,,
profession-origin-org,radiography__from-croatia__uk-the-robert-jones-and-agnes-hunt-orthopaedic,REJECT,uniqueWords,656,196,,,,
profession-origin-org,radiography__from-czechia__nz-atmc-nz-limited,REJECT,uniqueWords,575,115,,,,
profession-origin-org,radiography__from-dominica__au-ipa-recruitment-solutions,REJECT,uniqueWords,576,116,,,,
profession-origin-org,radiography__from-dr-congo__uk-university-of-brighton,REJECT,uniqueWords,576,116,,,,
profession-origin-org,radiography__from-el-salvador__nz-nzqa,REJECT,uniqueWords,603,143,,,,
profession-origin-org,radiography__from-finland__nz-medical-sciences-council-of-new-zealand,REJECT,uniqueWords,589,129,,,,
profession-origin-org,radiography__from-iceland__au-nsw-department-of-industry,REJECT,uniqueWords,589,129,,,,
profession-origin-org,radiography__from-india__au-investment-nsw,REJECT,uniqueWords,567,107,,,,
profession-origin-org,radiography__from-kenya__ae-khda,REJECT,uniqueWords,622,162,,,,
profession-origin-org,radiography__from-liberia__uk-teesside-university,REJECT,uniqueWords,568,108,,,,
profession-origin-org,radiography__from-malta__au-ipa-recruitment-solutions,REJECT,uniqueWords,584,124,,,,
profession-origin-org,radiography__from-morocco__uk-nhs-wales-shared-services-partnership,REJECT,uniqueWords,599,139,,,,
profession-origin-org,radiography__from-netherlands__ph-dataflow-group,REJECT,uniqueWords,566,106,,,,
profession-origin-org,radiography__from-nigeria__ae-khda,REJECT,uniqueWords,630,170,,,,
profession-origin-org,radiography__from-paraguay__uk-the-university-of-sheffield,REJECT,uniqueWords,585,125,,,,
profession-origin-org,radiography__from-philippines__au-investment-nsw,REJECT,uniqueWords,573,113,,,,
profession-origin-org,radiography__from-portugal__nz-up-education,REJECT,uniqueWords,568,108,,,,
profession-origin-org,radiography__from-republic-of-congo__ae-dubai-healthcare-city-authority,REJECT,uniqueWords,605,145,,,,
profession-origin-org,radiography__from-rwanda__uk-good-people,REJECT,uniqueWords,568,108,,,,
profession-origin-org,radiography__from-saint-kitts-and-nevis__au-nsw-department-of-industry,REJECT,uniqueWords,601,141,,,,
profession-origin-org,radiography__from-senegal__ae-willow-corporate-services,REJECT,uniqueWords,582,122,,,,
profession-origin-org,radiography__from-slovakia__nz-up-education,REJECT,uniqueWords,568,108,,,,
profession-origin-org,radiography__from-spain__ae-dubai-healthcare-city-authority,REJECT,uniqueWords,597,137,,,,
profession-origin-org,radiography__from-thailand__ae-willow-corporate-services,REJECT,uniqueWords,576,116,,,,
profession-origin-org,speech-pathology__from-albania__ae-khda,REJECT,uniqueWords,626,166,,,,
profession-origin-org,speech-pathology__from-algeria__uk-north-london-partners-shared-services,REJECT,uniqueWords,611,151,,,,
profession-origin-org,speech-pathology__from-bahrain__uk-tguk-technologies-pvt-ltd,REJECT,uniqueWords,596,136,,,,
profession-origin-org,speech-pathology__from-brunei__uk-the-university-of-sheffield,REJECT,uniqueWords,595,135,,,,
profession-origin-org,speech-pathology__from-burkina-faso__au-nsw-department-of-industry,REJECT,uniqueWords,595,135,,,,
profession-origin-org,speech-pathology__from-burundi__uk-teesside-university,REJECT,uniqueWords,578,118,,,,
profession-origin-org,speech-pathology__from-cambodia__au-charles-darwin-university,REJECT,uniqueWords,571,111,,,,
profession-origin-org,speech-pathology__from-croatia__ca-acslpa,REJECT,uniqueWords,611,152,,,,
profession-origin-org,speech-pathology__from-czechia__au-macquarie-university,REJECT,uniqueWords,560,100,,,,
profession-origin-org,speech-pathology__from-denmark__nz-up-education,REJECT,uniqueWords,572,112,,,,
profession-origin-org,speech-pathology__from-ecuador__au-deakin-university,REJECT,uniqueWords,570,110,,,,
profession-origin-org,speech-pathology__from-eritrea__nz-immigration-nz,REJECT,uniqueWords,757,297,,,,
profession-origin-org,speech-pathology__from-eswatini__au-edith-cowan-university,REJECT,uniqueWords,573,113,,,,
profession-origin-org,speech-pathology__from-france__in-apollo-health-resources-limited,REJECT,uniqueWords,589,129,,,,
profession-origin-org,speech-pathology__from-georgia__uk-the-university-of-sheffield,REJECT,uniqueWords,589,129,,,,
profession-origin-org,speech-pathology__from-ghana__uk-tguk-technologies-pvt-ltd,REJECT,uniqueWords,590,130,,,,
profession-origin-org,speech-pathology__from-guatemala__au-deakin-university,REJECT,uniqueWords,570,110,,,,
profession-origin-org,speech-pathology__from-guinea__nz-atmc-nz-limited,REJECT,uniqueWords,579,119,,,,
profession-origin-org,speech-pathology__from-hong-kong__nz-immigration-nz,REJECT,uniqueWords,761,301,,,,
profession-origin-org,speech-pathology__from-indonesia__us-lara,REJECT,uniqueWords,635,175,,,,
profession-origin-org,speech-pathology__from-iran__sg-people360-services-pte-ltd,REJECT,uniqueWords,589,129,,,,
profession-origin-org,speech-pathology__from-ireland__au-deakin-university,REJECT,uniqueWords,564,104,,,,
profession-origin-org,speech-pathology__from-kosovo__au-edith-cowan-university,REJECT,uniqueWords,581,121,,,,
profession-origin-org,speech-pathology__from-maldives__uk-hcpc,REJECT,uniqueWords,610,151,,,,
profession-origin-org,speech-pathology__from-mongolia__ae-khda,REJECT,uniqueWords,626,166,,,,
profession-origin-org,speech-pathology__from-nicaragua__au-australian-department-of-home-affairs,REJECT,uniqueWords,604,144,,,,
profession-origin-org,speech-pathology__from-norway__sg-allied-health-professions-council-singapore,REJECT,uniqueWords,605,145,,,,
profession-origin-org,speech-pathology__from-peru__uk-nhs-england-workforce-training-and-education-directorate,REJECT,uniqueWords,669,209,,,,
profession-origin-org,speech-pathology__from-philippines__nz-university-of-otago-language-centre,REJECT,uniqueWords,611,151,,,,
profession-origin-org,speech-pathology__from-saint-kitts-and-nevis__au-curtin-university,REJECT,uniqueWords,576,116,,,,
profession-origin-org,speech-pathology__from-serbia__au-western-australia-department-of-training-and-workforce,REJECT,uniqueWords,659,199,,,,
profession-origin-org,speech-pathology__from-sri-lanka__na-hpcna,REJECT,uniqueWords,614,154,,,,
profession-origin-org,speech-pathology__from-turkmenistan__ae-dubai-healthcare-city-authority,REJECT,uniqueWords,595,135,,,,
profession-origin-org,speech-pathology__from-tuvalu__sg-allied-health-professions-council-singapore,REJECT,uniqueWords,611,151,,,,
profession-origin-org,speech-pathology__from-uganda__uk-teesside-university,REJECT,uniqueWords,570,110,,,,
profession-origin-org,speech-pathology__from-ukraine__nz-university-of-otago-language-centre,REJECT,uniqueWords,605,145,,,,
profession-origin-org,speech-pathology__from-yemen__ae-khda,REJECT,uniqueWords,628,168,,,,
profession-origin-org,speech-pathology__from-zambia__uk-the-university-of-sheffield,REJECT,uniqueWords,587,127,,,,
profession-origin-org,veterinary-science__from-afghanistan__uk-royal-college-of-veterinary-surgeons,REJECT,uniqueWords,581,121,,,,
profession-origin-org,veterinary-science__from-argentina__uk-veterinary-management-group,REJECT,uniqueWords,563,103,,,,
profession-origin-org,veterinary-science__from-azerbaijan__uk-bradford-teaching-hospitals-nhs-foundation-trust,REJECT,uniqueWords,616,156,,,,
profession-origin-org,veterinary-science__from-belarus__ae-willow-corporate-services,REJECT,uniqueWords,578,118,,,,
profession-origin-org,veterinary-science__from-bhutan__in-apollo-health-resources-limited,REJECT,uniqueWords,589,129,,,,
profession-origin-org,veterinary-science__from-botswana__uk-north-london-partners-shared-services,REJECT,uniqueWords,611,151,,,,
profession-origin-org,veterinary-science__from-burundi__uk-nhs-wales-shared-services-partnership,REJECT,uniqueWords,611,151,,,,
profession-origin-org,veterinary-science__from-cambodia__au-investment-nsw,REJECT,uniqueWords,569,109,,,,
profession-origin-org,veterinary-science__from-china__uk-nhs-wales-shared-services-partnership,REJECT,uniqueWords,605,145,,,,
profession-origin-org,veterinary-science__from-cote-divoire__us-lara,REJECT,uniqueWords,641,181,,,,
profession-origin-org,veterinary-science__from-cuba__sg-people360-services-pte-ltd,REJECT,uniqueWords,595,135,,,,
profession-origin-org,veterinary-science__from-djibouti__ae-willow-corporate-services,REJECT,uniqueWords,580,120,,,,
profession-origin-org,veterinary-science__from-dominican-republic__ae-dubai-healthcare-city-authority,REJECT,uniqueWords,599,139,,,,
profession-origin-org,veterinary-science__from-ecuador__uk-bradford-teaching-hospitals-nhs-foundation-trust,REJECT,uniqueWords,622,162,,,,
profession-origin-org,veterinary-science__from-finland__in-apollo-health-resources-limited,REJECT,uniqueWords,589,129,,,,
profession-origin-org,veterinary-science__from-grenada__in-apollo-health-resources-limited,REJECT,uniqueWords,589,129,,,,
profession-origin-org,veterinary-science__from-indonesia__nz-immigration-nz,REJECT,uniqueWords,755,295,,,,
profession-origin-org,veterinary-science__from-iran__ae-willow-corporate-services,REJECT,uniqueWords,580,120,,,,
profession-origin-org,veterinary-science__from-israel__ae-khda,REJECT,uniqueWords,626,166,,,,
profession-origin-org,veterinary-science__from-kazakhstan__au-australian-department-of-home-affairs,REJECT,uniqueWords,602,142,,,,
profession-origin-org,veterinary-science__from-kenya__au-charles-sturt-university,REJECT,uniqueWords,570,110,,,,
profession-origin-org,veterinary-science__from-kuwait__au-investment-nsw,REJECT,uniqueWords,571,111,,,,
profession-origin-org,veterinary-science__from-latvia__au-satac,REJECT,uniqueWords,615,155,,,,
profession-origin-org,veterinary-science__from-malawi__nz-up-education,REJECT,uniqueWords,572,112,,,,
profession-origin-org,veterinary-science__from-malaysia__ae-dubai-healthcare-city-authority,REJECT,uniqueWords,595,135,,,,
profession-origin-org,veterinary-science__from-maldives__nz-immigration-nz,REJECT,uniqueWords,757,297,,,,
profession-origin-org,veterinary-science__from-marshall-islands__uk-north-london-partners-shared-services,REJECT,uniqueWords,609,149,,,,
profession-origin-org,veterinary-science__from-mauritius__nz-university-of-otago-language-centre,REJECT,uniqueWords,605,145,,,,
profession-origin-org,veterinary-science__from-mexico__nz-weltec,REJECT,uniqueWords,611,151,,,,
profession-origin-org,veterinary-science__from-mozambique__au-satac,REJECT,uniqueWords,615,155,,,,
profession-origin-org,veterinary-science__from-nauru__au-australian-department-of-home-affairs,REJECT,uniqueWords,610,150,,,,
profession-origin-org,veterinary-science__from-nicaragua__uk-north-london-partners-shared-services,REJECT,uniqueWords,605,145,,,,
profession-origin-org,veterinary-science__from-palau__in-apollo-health-resources-limited,REJECT,uniqueWords,589,129,,,,
profession-origin-org,veterinary-science__from-qatar__ae-dubai-healthcare-city-authority,REJECT,uniqueWords,601,141,,,,
profession-origin-org,veterinary-science__from-republic-of-congo__nz-up-education,REJECT,uniqueWords,586,126,,,,
profession-origin-org,veterinary-science__from-romania__ie-veterinary-council-of-ireland,REJECT,uniqueWords,579,119,,,,
profession-origin-org,veterinary-science__from-rwanda__uk-royal-college-of-veterinary-surgeons,REJECT,uniqueWords,583,123,,,,
profession-origin-org,veterinary-science__from-saudi-arabia__nz-atmc-nz-limited,REJECT,uniqueWords,583,123,,,,
profession-origin-org,veterinary-science__from-south-korea__uk-royal-college-of-veterinary-surgeons,REJECT,uniqueWords,587,127,,,,
profession-origin-org,veterinary-science__from-suriname__uk-royal-college-of-veterinary-surgeons,REJECT,uniqueWords,581,121,,,,
profession-origin-org,veterinary-science__from-thailand__au-ipa-recruitment-solutions,REJECT,uniqueWords,582,122,,,,
profession-origin-org,veterinary-science__from-timor-leste__au-western-australia-department-of-training-and-workforce,REJECT,uniqueWords,665,205,,,,
profession-origin-org,veterinary-science__from-togo__na-hpcna,REJECT,uniqueWords,612,152,,,,
profession-origin-org,veterinary-science__from-vanuatu__nz-veterinary-council-of-new-zealand,REJECT,uniqueWords,582,122,,,,
profession-origin-org,veterinary-science__from-yemen__uk-royal-college-of-veterinary-surgeons,REJECT,uniqueWords,583,123,,,,
register,register__ae-department-of-health-abu-dhabi,REJECT,uniqueWords,353,33,,,,
register,register__ae-dubai-health-authority,REJECT,uniqueWords,346,26,,,,
register,register__ae-dubai-healthcare-city-authority,REJECT,uniqueWords,362,42,,,,
register,register__ae-khda,REJECT,uniqueWords,371,51,,,,
register,register__ae-willow-corporate-services,REJECT,uniqueWords,356,36,,,,
register,register__au-ahpra,REJECT,uniqueWords,367,47,,,,
register,register__au-aims,REJECT,uniqueWords,358,38,,,,
register,register__au-alacc-health-college,REJECT,uniqueWords,343,23,,,,
register,register__au-anmac,REJECT,uniqueWords,356,36,,,,
register,register__au-apc,REJECT,uniqueWords,347,27,,,,
register,register__au-australian-catholic-university,REJECT,uniqueWords,343,23,,,,
register,register__au-australian-college-of-nursing,REJECT,uniqueWords,346,26,,,,
register,register__au-australian-dental-council,REJECT,uniqueWords,344,24,,,,
register,register__au-australian-department-of-home-affairs,REJECT,uniqueWords,363,43,,,,
register,register__au-australian-pharmacy-council,REJECT,uniqueWords,344,24,,,,
register,register__au-avbc,REJECT,uniqueWords,351,31,,,,
register,register__au-box-hill-institute,REJECT,uniqueWords,343,23,,,,
register,register__au-central-queensland-university,REJECT,uniqueWords,350,30,,,,
register,register__au-charles-darwin-university,REJECT,uniqueWords,348,28,,,,
register,register__au-charles-sturt-university,REJECT,uniqueWords,347,27,,,,
register,register__au-chinese-medicine-board-of-australia,REJECT,uniqueWords,350,30,,,,
register,register__au-chisholm-institute-of-tafe,REJECT,uniqueWords,346,26,,,,
register,register__au-college-of-nursing-education-training-australia,REJECT,uniqueWords,352,32,,,,
register,register__au-curtin-college,REJECT,uniqueWords,339,19,,,,
register,register__au-curtin-university,REJECT,uniqueWords,347,27,,,,
register,register__au-deakin-university,REJECT,uniqueWords,347,27,,,,
register,register__au-dental-board-of-australia,REJECT,uniqueWords,347,27,,,,
register,register__au-dietitians-association-of-australia,REJECT,uniqueWords,347,27,,,,
register,register__au-edith-cowan-college,REJECT,uniqueWords,342,22,,,,
register,register__au-edith-cowan-university,REJECT,uniqueWords,350,30,,,,
register,register__au-education-centre-of-australia,REJECT,uniqueWords,346,26,,,,
register,register__au-equals-international,REJECT,uniqueWords,340,20,,,,
register,register__au-federation-university,REJECT,uniqueWords,340,20,,,,
register,register__au-flinders-university,REJECT,uniqueWords,343,23,,,,
register,register__au-griffith-university,REJECT,uniqueWords,343,23,,,,
register,register__au-health-careers-international,REJECT,uniqueWords,345,25,,,,
register,register__au-immigration-sa-department-for-trade-tourism-and,REJECT,uniqueWords,372,52,,,,
register,register__au-investment-nsw,REJECT,uniqueWords,354,34,,,,
register,register__au-ipa-recruitment-solutions,REJECT,uniqueWords,357,37,,,,
register,register__au-james-cook-university,REJECT,uniqueWords,345,25,,,,
register,register__au-kaplan-business-school,REJECT,uniqueWords,342,22,,,,
register,register__au-la-trobe-university,REJECT,uniqueWords,339,19,,,,
register,register__au-lawson-college-australia,REJECT,uniqueWords,343,23,,,,
register,register__au-lonsdale-institute,REJECT,uniqueWords,340,20,,,,
register,register__au-macquarie-university,REJECT,uniqueWords,343,23,,,,
register,register__au-medical-board-of-australia,REJECT,uniqueWords,347,27,,,,
register,register__au-medical-radiation-practice-board-of-australia,REJECT,uniqueWords,353,33,,,,
register,register__au-murdoch-university,REJECT,uniqueWords,341,21,,,,
register,register__au-nsw-department-of-industry,REJECT,uniqueWords,360,40,,,,
register,register__au-nursing-and-midwifery-board-of-australia,REJECT,uniqueWords,353,33,,,,
register,register__au-occupational-therapy-board-of-australia,REJECT,uniqueWords,351,31,,,,
register,register__au-occupational-therapy-council-of-australia,REJECT,uniqueWords,350,30,,,,
register,register__au-optometry-board-of-australia,REJECT,uniqueWords,347,27,,,,
register,register__au-paramedicine-board-of-australia,REJECT,uniqueWords,346,26,,,,
register,register__au-pharmacy-board-of-australia,REJECT,uniqueWords,347,27,,,,
register,register__au-physiotherapy-board-of-australia,REJECT,uniqueWords,347,27,,,,
register,register__au-podiatry-board-of-australia,REJECT,uniqueWords,347,27,,,,
register,register__au-prn-healthcare,REJECT,uniqueWords,340,20,,,,
register,register__au-queensland-police-service,REJECT,uniqueWords,342,22,,,,
register,register__au-qut,REJECT,uniqueWords,351,31,,,,
register,register__au-ramsay-health-care,REJECT,uniqueWords,344,24,,,,
register,register__au-rhodes-college,REJECT,uniqueWords,340,20,,,,
register,register__au-rmit-university,REJECT,uniqueWords,342,22,,,,
register,register__au-saaprm,REJECT,uniqueWords,360,40,,,,
register,register__au-satac,REJECT,uniqueWords,366,46,,,,
register,register__au-south-australian-medical-education-and-training,REJECT,uniqueWords,352,32,,,,
register,register__au-southern-cross-university,REJECT,uniqueWords,344,24,,,,
register,register__au-speech-pathology-australia,REJECT,uniqueWords,345,25,,,,
register,register__au-swinburne-university-of-technology,REJECT,uniqueWords,347,27,,,,
register,register__au-sydney-shoulder-research-institute,REJECT,uniqueWords,345,25,,,,
register,register__au-tafe-international-wa,REJECT,uniqueWords,343,23,,,,
register,register__au-tafe-nsw,REJECT,uniqueWords,340,20,,,,
register,register__au-tafe-queensland,REJECT,uniqueWords,340,20,,,,
register,register__au-tafe-sa,REJECT,uniqueWords,340,20,,,,
register,register__au-the-gordon-institute-of-tafe,REJECT,uniqueWords,349,29,,,,
register,register__au-the-university-of-adelaide,REJECT,uniqueWords,348,28,,,,
register,register__au-university-of-canberra,REJECT,uniqueWords,344,24,,,,
register,register__au-university-of-new-england,REJECT,uniqueWords,347,27,,,,
register,register__au-university-of-newcastle,REJECT,uniqueWords,344,24,,,,
register,register__au-university-of-notre-dame,REJECT,uniqueWords,347,27,,,,
register,register__au-university-of-queensland,REJECT,uniqueWords,345,25,,,,
register,register__au-university-of-south-australia,REJECT,uniqueWords,347,27,,,,
register,register__au-university-of-southern-queensland,REJECT,uniqueWords,347,27,,,,
register,register__au-university-of-tasmania,REJECT,uniqueWords,345,25,,,,
register,register__au-university-of-the-sunshine-coast,REJECT,uniqueWords,350,30,,,,
register,register__au-university-of-wollongong,REJECT,uniqueWords,345,25,,,,
register,register__au-uow-college-australia,REJECT,uniqueWords,343,23,,,,
register,register__au-uts,REJECT,uniqueWords,351,31,,,,
register,register__au-veterinary-practice-board-of-western-australia,REJECT,uniqueWords,354,34,,,,
register,register__au-victoria-university,REJECT,uniqueWords,340,20,,,,
register,register__au-western-australia-department-of-training-and-workforce,REJECT,uniqueWords,378,58,,,,
register,register__au-western-sydney-university,REJECT,uniqueWords,342,22,,,,
register,register__bm-bermuda-nursing-midwifery-council,REJECT,uniqueWords,347,27,,,,
register,register__ca-acslpa,REJECT,uniqueWords,361,41,,,,
register,register__ca-aimga,REJECT,uniqueWords,353,33,,,,
register,register__ca-alberta-college-of-pharmacy,REJECT,uniqueWords,347,27,,,,
register,register__ca-alberta-health-care-aide-directory,REJECT,uniqueWords,350,30,,,,
register,register__ca-alberta-health-services,REJECT,uniqueWords,343,23,,,,
register,register__ca-bc-care-aide-community-health-worker,REJECT,uniqueWords,356,36,,,,
register,register__ca-bow-valley-college,REJECT,uniqueWords,343,23,,,,
register,register__ca-british-columbia-college-of-nurses-midwives,REJECT,uniqueWords,353,33,,,,
register,register__ca-cannn,REJECT,uniqueWords,371,51,,,,
register,register__ca-carms,REJECT,uniqueWords,350,30,,,,
register,register__ca-college-of-dental-surgeons-of-alberta,REJECT,uniqueWords,353,33,,,,
register,register__ca-college-of-dietitians-of-ontario,REJECT,uniqueWords,350,30,,,,
register,register__ca-college-of-licensed-practical-nurses-of-alberta,REJECT,uniqueWords,356,36,,,,
register,register__ca-college-of-licensed-practical-nurses-of-manitoba,REJECT,uniqueWords,356,36,,,,
register,register__ca-college-of-licensed-practical-nurses-of-prince,REJECT,uniqueWords,362,42,,,,
register,register__ca-college-of-nurses-of-ontario,REJECT,uniqueWords,350,30,,,,
register,register__ca-college-of-pharmacists-of-bc,REJECT,uniqueWords,350,30,,,,
register,register__ca-college-of-pharmacists-of-manitoba,REJECT,uniqueWords,350,30,,,,
register,register__ca-college-of-pharmacy-of-newfoundland-and-labrador,REJECT,uniqueWords,356,36,,,,
register,register__ca-college-of-physicians-and-surgeons-of-alberta,REJECT,uniqueWords,356,36,,,,
register,register__ca-college-of-physicians-and-surgeons-of-british,REJECT,uniqueWords,359,39,,,,
register,register__ca-college-of-physicians-and-surgeons-of-manitoba,REJECT,uniqueWords,356,36,,,,
register,register__ca-college-of-physicians-and-surgeons-of-new,REJECT,uniqueWords,359,39,,,,
register,register__ca-college-of-physicians-and-surgeons-of-newfoundland,REJECT,uniqueWords,362,42,,,,
register,register__ca-college-of-physicians-and-surgeons-of-nova,REJECT,uniqueWords,359,39,,,,
register,register__ca-college-of-physicians-and-surgeons-of-ontario,REJECT,uniqueWords,356,36,,,,
register,register__ca-college-of-physicians-and-surgeons-of-prince,REJECT,uniqueWords,362,42,,,,
register,register__ca-college-of-physicians-and-surgeons-of-saskatchewan,REJECT,uniqueWords,356,36,,,,
register,register__ca-college-of-registered-nurses-and-midwives-of,REJECT,uniqueWords,356,36,,,,
register,register__ca-college-of-registered-nurses-of-manitoba,REJECT,uniqueWords,353,33,,,,
register,register__ca-college-of-registered-nurses-of-newfoundland,REJECT,uniqueWords,356,36,,,,
register,register__ca-college-of-registered-psychiatric-nurses-of-alberta,REJECT,uniqueWords,359,39,,,,
register,register__ca-college-of-registered-psychiatric-nurses-of-manitoba,REJECT,uniqueWords,359,39,,,,
register,register__ca-college-of-registered-psychiatric-nurses-of-saskatchewan,REJECT,uniqueWords,358,38,,,,
register,register__ca-crns,REJECT,uniqueWords,356,36,,,,
register,register__ca-cshbc,REJECT,uniqueWords,372,52,,,,
register,register__ca-dalhousie-university-faculty-of-medicine-pgme,REJECT,uniqueWords,355,35,,,,
register,register__ca-drake-medox-college,REJECT,uniqueWords,343,23,,,,
register,register__ca-eastern-college,REJECT,uniqueWords,340,20,,,,
register,register__ca-federation-of-medical-regulatory-authorities-of-canada,REJECT,uniqueWords,356,36,,,,
register,register__ca-health-and-supportive-care-providers-oversight-agency,REJECT,uniqueWords,353,33,,,,
register,register__ca-inspire-global-assessments,REJECT,uniqueWords,344,24,,,,
register,register__ca-mcmaster-university-postgraduate-medical-education,REJECT,uniqueWords,367,47,,,,
register,register__ca-mohawk-college,REJECT,uniqueWords,340,20,,,,
register,register__ca-niagara-college,REJECT,uniqueWords,337,17,,,,
register,register__ca-nova-scotia-college-of-nursing,REJECT,uniqueWords,350,30,,,,
register,register__ca-nova-scotia-pharmacy-regulator,REJECT,uniqueWords,347,27,,,,
register,register__ca-nurses-association-of-new-brunswick,REJECT,uniqueWords,350,30,,,,
register,register__ca-okanagan-college,REJECT,uniqueWords,340,20,,,,
register,register__ca-ontario-college-of-pharmacists,REJECT,uniqueWords,347,27,,,,
register,register__ca-pei-college-of-pharmacy,REJECT,uniqueWords,347,27,,,,
register,register__ca-practice-ready-assessment-british-columbia,REJECT,uniqueWords,349,29,,,,
register,register__ca-practice-ready-ontario,REJECT,uniqueWords,343,23,,,,
register,register__ca-red-deer-polytechnic,REJECT,uniqueWords,343,23,,,,
register,register__ca-regulatory-college-of-audiologists-and-speech-language-pathologists,REJECT,uniqueWords,366,46,,,,
register,register__ca-saskatchewan-college-of-pharmacy-professionals,REJECT,uniqueWords,350,30,,,,
register,register__ca-schulich-school-of-medicine-dentistry-at,REJECT,uniqueWords,364,44,,,,
register,register__ca-selkirk-college,REJECT,uniqueWords,340,20,,,,
register,register__ca-stenberg-college,REJECT,uniqueWords,337,17,,,,
register,register__ca-the-alberta-international-medical-graduate-program,REJECT,uniqueWords,352,32,,,,
register,register__ca-the-college-of-licensed-practical-nurses-of,REJECT,uniqueWords,359,39,,,,
register,register__ca-university-of-saskatchewan-college-of-medicine,REJECT,uniqueWords,362,42,,,,
register,register__ca-vancouver-community-college,REJECT,uniqueWords,341,21,,,,
register,register__ca-western-community-college,REJECT,uniqueWords,340,20,,,,
register,register__ca-yukon-registered-nurses-association,REJECT,uniqueWords,347,27,,,,
register,register__eg-assiut-university,REJECT,uniqueWords,340,20,,,,
register,register__fi-arcada-university-of-applied-sciences,REJECT,uniqueWords,349,29,,,,
register,register__ie-castel-education,REJECT,uniqueWords,342,22,,,,
register,register__ie-coru-regulating-health-and-social-care,REJECT,uniqueWords,367,47,,,,
register,register__ie-cpl-healthcare,REJECT,uniqueWords,340,20,,,,
register,register__ie-dental-council-of-ireland,REJECT,uniqueWords,347,27,,,,
register,register__ie-kate-cowhig-international-healthcare-recruitment,REJECT,uniqueWords,349,29,,,,
register,register__ie-medical-council-of-ireland,REJECT,uniqueWords,347,27,,,,
register,register__ie-munster-technological-university,REJECT,uniqueWords,357,37,,,,
register,register__ie-nmbi,REJECT,uniqueWords,356,36,,,,
register,register__ie-royal-college-of-physicians-of-ireland,REJECT,uniqueWords,352,32,,,,
register,register__ie-the-pharmaceutical-society-of-ireland,REJECT,uniqueWords,350,30,,,,
register,register__ie-ttm-healthcare-solutions,REJECT,uniqueWords,343,23,,,,
register,register__ie-veterinary-council-of-ireland,REJECT,uniqueWords,348,28,,,,
register,register__in-apollo-education,REJECT,uniqueWords,338,18,,,,
register,register__in-apollo-health-resources-limited,REJECT,uniqueWords,357,37,,,,
register,register__in-blue-ribbon-overseas-educational-consultants-pvt-ltd,REJECT,uniqueWords,357,37,,,,
register,register__in-bradford-global,REJECT,uniqueWords,337,17,,,,
register,register__in-connecting-wings-overseas-pvt-ltd,REJECT,uniqueWords,347,27,,,,
register,register__in-dynamic-healthstaff-private-limited,REJECT,uniqueWords,346,26,,,,
register,register__in-ens-healthcare-ezee-nursing-solution-private,REJECT,uniqueWords,352,32,,,,
register,register__in-envertiz-consultancy,REJECT,uniqueWords,340,20,,,,
register,register__in-flyworlds-overseas-education-services-private-limited,REJECT,uniqueWords,353,33,,,,
register,register__in-fortis-hospital,REJECT,uniqueWords,339,19,,,,
register,register__in-global-nurse-force,REJECT,uniqueWords,343,23,,,,
register,register__in-gnfr-services-private-limited,REJECT,uniqueWords,343,23,,,,
register,register__in-india-international-technical-recruiters,REJECT,uniqueWords,347,27,,,,
register,register__in-jobizo-pvt-limited,REJECT,uniqueWords,343,23,,,,
register,register__in-kg-college-of-health-sciences,REJECT,uniqueWords,349,29,,,,
register,register__in-max-healthcare,REJECT,uniqueWords,339,19,,,,
register,register__in-my-rank,REJECT,uniqueWords,335,15,,,,
register,register__in-norka-roots,REJECT,uniqueWords,349,29,,,,
register,register__in-odepc-overseas-department-and-employment-promotion,REJECT,uniqueWords,358,38,,,,
register,register__in-optimum-visa,REJECT,uniqueWords,339,19,,,,
register,register__in-prakara-learning-pvt-ltd,REJECT,uniqueWords,349,29,,,,
register,register__in-sgt-university,REJECT,uniqueWords,341,21,,,,
register,register__in-sri-ramachandra-medical-college-and-research-institute,REJECT,uniqueWords,356,36,,,,
register,register__in-the-trained-nurses-association-of-india,REJECT,uniqueWords,352,32,,,,
register,register__in-walsons-healthcare-private-limited,REJECT,uniqueWords,346,26,,,,
register,register__intl-medicine-hat-college,REJECT,uniqueWords,341,21,,,,
register,register__intl-the-council-for-nurses-and-midwives-malta,REJECT,uniqueWords,355,35,,,,
register,register__lk-global-care-solutions-private-limited,REJECT,uniqueWords,347,27,,,,
register,register__lk-pvt,REJECT,uniqueWords,346,26,,,,
register,register__mv-maldives-medical-and-dental-council,REJECT,uniqueWords,348,28,,,,
register,register__mv-maldives-nursing-and-midwifery-council,REJECT,uniqueWords,347,27,,,,
register,register__na-hpcna,REJECT,uniqueWords,364,44,,,,
register,register__nz-agi-education-ltd,REJECT,uniqueWords,344,24,,,,
register,register__nz-ara-institute-of-canterbury,REJECT,uniqueWords,347,27,,,,
register,register__nz-ara-te-pukenga,REJECT,uniqueWords,341,21,,,,
register,register__nz-aspire2-international,REJECT,uniqueWords,341,21,,,,
register,register__nz-atmc-nz-limited,REJECT,uniqueWords,355,35,,,,
register,register__nz-auckland-institute-of-studies,REJECT,uniqueWords,347,27,,,,
register,register__nz-dental-council-of-new-zealand,REJECT,uniqueWords,351,31,,,,
register,register__nz-dietitians-board-of-new-zealand,REJECT,uniqueWords,351,31,,,,
register,register__nz-eit,REJECT,uniqueWords,350,30,,,,
register,register__nz-ignite-colleges,REJECT,uniqueWords,341,21,,,,
register,register__nz-immigration-nz,REJECT,uniqueWords,461,141,,,,
register,register__nz-kalandra-education-group,REJECT,uniqueWords,344,24,,,,
register,register__nz-lonsdale-education-limited,REJECT,uniqueWords,341,21,,,,
register,register__nz-manukau-institute-of-technology,REJECT,uniqueWords,347,27,,,,
register,register__nz-medical-council-of-new-zealand,REJECT,uniqueWords,351,31,,,,
register,register__nz-medical-sciences-council-of-new-zealand,REJECT,uniqueWords,354,34,,,,
register,register__nz-midwifery-council-of-new-zealand,REJECT,uniqueWords,349,29,,,,
register,register__nz-nelson-marlborough-institute-of-technology,REJECT,uniqueWords,350,30,,,,
register,register__nz-new-zealand-medical-radiation-technologists-board,REJECT,uniqueWords,354,34,,,,
register,register__nz-new-zealand-tertiary-college,REJECT,uniqueWords,347,27,,,,
register,register__nz-northtec,REJECT,uniqueWords,338,18,,,,
register,register__nz-nursing-council-of-new-zealand,REJECT,uniqueWords,351,31,,,,
register,register__nz-nz-locums,REJECT,uniqueWords,341,21,,,,
register,register__nz-nzqa,REJECT,uniqueWords,364,44,,,,
register,register__nz-occupational-therapy-board-of-new-zealand,REJECT,uniqueWords,355,35,,,,
register,register__nz-optometrists-and-dispensing-opticians-board-of-new,REJECT,uniqueWords,360,40,,,,
register,register__nz-otago-polytechnic,REJECT,uniqueWords,341,21,,,,
register,register__nz-pharmacy-council-of-new-zealand,REJECT,uniqueWords,351,31,,,,
register,register__nz-physiotherapy-board-of-new-zealand,REJECT,uniqueWords,351,31,,,,
register,register__nz-podiatrists-board-of-new-zealand,REJECT,uniqueWords,351,31,,,,
register,register__nz-southern-institute-of-technology,REJECT,uniqueWords,347,27,,,,
register,register__nz-toi-ohomai-institute-of-technology,REJECT,uniqueWords,347,27,,,,
register,register__nz-ucol,REJECT,uniqueWords,350,30,,,,
register,register__nz-unitec-institute-of-technology,REJECT,uniqueWords,347,27,,,,
register,register__nz-university-of-auckland,REJECT,uniqueWords,345,25,,,,
register,register__nz-university-of-otago-language-centre,REJECT,uniqueWords,364,44,,,,
register,register__nz-up-education,REJECT,uniqueWords,355,35,,,,
register,register__nz-veterinary-council-of-new-zealand,REJECT,uniqueWords,352,32,,,,
register,register__nz-weltec,REJECT,uniqueWords,364,44,,,,
register,register__nz-whitireia-new-zealand,REJECT,uniqueWords,344,24,,,,
register,register__nz-wintec,REJECT,uniqueWords,350,30,,,,
register,register__nz-working-in,REJECT,uniqueWords,342,22,,,,
register,register__ph-21st-century-manpower-resources-inc,REJECT,uniqueWords,349,29,,,,
register,register__ph-abba-personnel-services-inc,REJECT,uniqueWords,346,26,,,,
register,register__ph-aguinaldo-recruitment-agency,REJECT,uniqueWords,339,19,,,,
register,register__ph-andrews-manpower-consulting,REJECT,uniqueWords,340,20,,,,
register,register__ph-asc-global-recruitment,REJECT,uniqueWords,342,22,,,,
register,register__ph-ateneo-de-davao-university,REJECT,uniqueWords,346,26,,,,
register,register__ph-ats-learning-centre,REJECT,uniqueWords,340,20,,,,
register,register__ph-caves-treasure-manpower,REJECT,uniqueWords,339,19,,,,
register,register__ph-dataflow-group,REJECT,uniqueWords,355,35,,,,
register,register__ph-de-la-salle-medical-and-health-sciences,REJECT,uniqueWords,363,43,,,,
register,register__ph-drake-international,REJECT,uniqueWords,338,18,,,,
register,register__ph-ipams,REJECT,uniqueWords,334,14,,,,
register,register__ph-jobsconnect-manpower-agency,REJECT,uniqueWords,339,19,,,,
register,register__ph-jose-rizal-memorial-state-university,REJECT,uniqueWords,349,29,,,,
register,register__ph-kolehiyo-ng-lungsod-ng-dasmarinas,REJECT,uniqueWords,358,38,,,,
register,register__ph-lorma-colleges,REJECT,uniqueWords,340,20,,,,
register,register__ph-marlow-people-solutions-inc,REJECT,uniqueWords,343,23,,,,
register,register__ph-neac-medical-exams-application-center-inc,REJECT,uniqueWords,368,48,,,,
register,register__ph-omanfil-international-manpower-dev-corp,REJECT,uniqueWords,350,30,,,,
register,register__ph-orange-international-recruitment-services-inc,REJECT,uniqueWords,349,29,,,,
register,register__ph-saint-paul-s-hospital-of-iloilo,REJECT,uniqueWords,349,29,,,,
register,register__ph-salazar-colleges-of-science-and-institute-of,REJECT,uniqueWords,358,38,,,,
register,register__ph-scs-placement-services-inc,REJECT,uniqueWords,343,23,,,,
register,register__ph-st-clare-s-medical-center,REJECT,uniqueWords,343,23,,,,
register,register__ph-universal-staffing-services,REJECT,uniqueWords,343,23,,,,
register,register__ph-university-of-san-carlos,REJECT,uniqueWords,346,26,,,,
register,register__pt-vitae-professionals,REJECT,uniqueWords,340,20,,,,
register,register__qa-hamad-medical-corporation,REJECT,uniqueWords,344,24,,,,
register,register__sg-allied-health-professions-council-singapore,REJECT,uniqueWords,364,44,,,,
register,register__sg-people360-services-pte-ltd,REJECT,uniqueWords,357,37,,,,
register,register__sg-singapore-dental-council,REJECT,uniqueWords,344,24,,,,
register,register__sg-singapore-medical-council,REJECT,uniqueWords,344,24,,,,
register,register__sg-singapore-pharmacy-council,REJECT,uniqueWords,344,24,,,,
register,register__tt-medical-board-of-trinidad-tobago,REJECT,uniqueWords,350,30,,,,
register,register__ua-ukrainian-council-of-nursing-and-midwifery,REJECT,uniqueWords,350,30,,,,
register,register__ua-ukrainian-medical-council,REJECT,uniqueWords,341,21,,,,
register,register__ua-ukrainian-professional-council-of-public-health-services,REJECT,uniqueWords,353,33,,,,
register,register__uk-360medicare-personnel-limited,REJECT,uniqueWords,346,26,,,,
register,register__uk-acacium-group,REJECT,uniqueWords,343,23,,,,
register,register__uk-academy-of-medical-royal-colleges,REJECT,uniqueWords,350,30,,,,
register,register__uk-advanta-healthcare,REJECT,uniqueWords,342,22,,,,
register,register__uk-ahro-university,REJECT,uniqueWords,338,18,,,,
register,register__uk-airedale-nhs-foundation-trust,REJECT,uniqueWords,348,28,,,,
register,register__uk-alder-hey-children-s-nhs-foundation-trust,REJECT,uniqueWords,354,34,,,,
register,register__uk-ashford-and-st-peter-s-hospitals-nhs-foundation,REJECT,uniqueWords,360,40,,,,
register,register__uk-aston-university,REJECT,uniqueWords,343,23,,,,
register,register__uk-avon-and-wiltshire-mental-health-partnership-nhs,REJECT,uniqueWords,360,40,,,,
register,register__uk-barking-havering-and-redbridge-university-nhs-hospitals,REJECT,uniqueWords,360,40,,,,
register,register__uk-barts-health-nhs-trust,REJECT,uniqueWords,348,28,,,,
register,register__uk-bdi-resourcing-limited,REJECT,uniqueWords,346,26,,,,
register,register__uk-bedfordshire-hospitals-nhs-foundation-trust,REJECT,uniqueWords,351,31,,,,
register,register__uk-berkshire-healthcare-nhs-foundation-trust,REJECT,uniqueWords,350,30,,,,
register,register__uk-bespoke-medical-solutions,REJECT,uniqueWords,345,25,,,,
register,register__uk-birmingham-community-healthcare-nhs-trust,REJECT,uniqueWords,351,31,,,,
register,register__uk-birmingham-women-s-and-children-s-nhs-foundation-trust,REJECT,uniqueWords,357,37,,,,
register,register__uk-black-country-healthcare-nhs-foundation-trust,REJECT,uniqueWords,354,34,,,,
register,register__uk-blackpool-teaching-hospitals-nhs-foundation-trust,REJECT,uniqueWords,354,34,,,,
register,register__uk-bmb-international,REJECT,uniqueWords,339,19,,,,
register,register__uk-bradford-teaching-hospitals-nhs-foundation-trust,REJECT,uniqueWords,367,47,,,,
register,register__uk-brunel-university-london,REJECT,uniqueWords,345,25,,,,
register,register__uk-buckinghamshire-healthcare-nhs-trust,REJECT,uniqueWords,347,27,,,,
register,register__uk-bupa-uk,REJECT,uniqueWords,342,22,,,,
register,register__uk-calderdale-and-huddersfield-nhs-trust,REJECT,uniqueWords,351,31,,,,
register,register__uk-cambridge-university-hospitals-nhs-foundation-trust,REJECT,uniqueWords,354,34,,,,
register,register__uk-cambridgeshire-and-peterborough-nhs-foundation-trust,REJECT,uniqueWords,353,33,,,,
register,register__uk-cambridgeshire-community-health-services-nhs-trust,REJECT,uniqueWords,353,33,,,,
register,register__uk-canterbury-christ-church-university,REJECT,uniqueWords,347,27,,,,
register,register__uk-capital-nurse,REJECT,uniqueWords,342,22,,,,
register,register__uk-care-plus-group,REJECT,uniqueWords,345,25,,,,
register,register__uk-central-and-north-west-london-nhs-foundation,REJECT,uniqueWords,359,39,,,,
register,register__uk-central-london-community-healthcare-nhs-trust,REJECT,uniqueWords,353,33,,,,
register,register__uk-charkos-global,REJECT,uniqueWords,342,22,,,,
register,register__uk-chase-madison,REJECT,uniqueWords,343,23,,,,
register,register__uk-chelsea-and-westminster-hospital-nhs-foundation-trust,REJECT,uniqueWords,356,36,,,,
register,register__uk-cheshire-and-wirral-partnership-nhs-foundation-trust,REJECT,uniqueWords,356,36,,,,
register,register__uk-concept-care-solutions,REJECT,uniqueWords,345,25,,,,
register,register__uk-cornwall-partnership-nhs-foundation-trust,REJECT,uniqueWords,351,31,,,,
register,register__uk-countess-of-chester-hospital-nhs-foundation-trust,REJECT,uniqueWords,357,37,,,,
register,register__uk-county-durham-and-darlington-nhs-foundation-trust,REJECT,uniqueWords,357,37,,,,
register,register__uk-coventry-and-warwickshire-partnership-trust,REJECT,uniqueWords,351,31,,,,
register,register__uk-croydon-health-services,REJECT,uniqueWords,345,25,,,,
register,register__uk-cumbria-northumberland-tyne-and-wear-nhs-foundation,REJECT,uniqueWords,360,40,,,,
register,register__uk-dartford-and-gravesham-nhs-trust,REJECT,uniqueWords,351,31,,,,
register,register__uk-derbyshire-healthcare-nhs-foundation-trust,REJECT,uniqueWords,350,30,,,,
register,register__uk-devon-alliance-for-international-recruitment,REJECT,uniqueWords,351,31,,,,
register,register__uk-devon-partnership-nhs-trust,REJECT,uniqueWords,347,27,,,,
register,register__uk-doc2uk,REJECT,uniqueWords,340,20,,,,
register,register__uk-doncaster-bassetlaw-teaching-hospitals-nhs-foundation,REJECT,uniqueWords,357,37,,,,
register,register__uk-dorset-county-hospital-nhs-foundation-trust,REJECT,uniqueWords,354,34,,,,
register,register__uk-dorset-healthcare-university-nhs-foundation-trust,REJECT,uniqueWords,353,33,,,,
register,register__uk-drake-medox,REJECT,uniqueWords,342,22,,,,
register,register__uk-east-and-north-hertfordshire-nhs-trust,REJECT,uniqueWords,354,34,,,,
register,register__uk-east-cheshire-nhs-trust,REJECT,uniqueWords,348,28,,,,
register,register__uk-east-kent-hospitals-university-nhs-foundation-trust,REJECT,uniqueWords,357,37,,,,
register,register__uk-east-lancashire-hospitals-nhs-trust,REJECT,uniqueWords,351,31,,,,
register,register__uk-east-london-nhs-foundation-trust,REJECT,uniqueWords,351,31,,,,
register,register__uk-east-sussex-healthcare-nhs-trust,REJECT,uniqueWords,351,31,,,,
register,register__uk-ent-uk,REJECT,uniqueWords,342,22,,,,
register,register__uk-frimley-health-nhs-foundation-trust,REJECT,uniqueWords,351,31,,,,
register,register__uk-gateshead-health-nhs-foundation-trust,REJECT,uniqueWords,351,31,,,,
register,register__uk-george-eliot-hospital-nhs-trust,REJECT,uniqueWords,351,31,,,,
register,register__uk-glasgow-caledonian-university,REJECT,uniqueWords,345,25,,,,
register,register__uk-gloucestershire-health-care-nhs-trust,REJECT,uniqueWords,351,31,,,,
register,register__uk-gmc,REJECT,uniqueWords,351,31,,,,
register,register__uk-good-people,REJECT,uniqueWords,355,35,,,,
register,register__uk-gp-world,REJECT,uniqueWords,343,23,,,,
register,register__uk-gphc,REJECT,uniqueWords,348,28,,,,
register,register__uk-great-ormond-street-hospital-for-children-nhs,REJECT,uniqueWords,363,43,,,,
register,register__uk-great-western-hospitals-nhs-foundation-trust,REJECT,uniqueWords,354,34,,,,
register,register__uk-greater-manchester-mental-health-nhs-foundation-trust,REJECT,uniqueWords,357,37,,,,
register,register__uk-guys-and-st-thomas-nhs-foundation-trust,REJECT,uniqueWords,357,37,,,,
register,register__uk-hampshire-hospitals-nhs-foundation-trust,REJECT,uniqueWords,351,31,,,,
register,register__uk-harrogate-and-district-nhs-foundation-trust,REJECT,uniqueWords,354,34,,,,
register,register__uk-hcl-workforce-solutions,REJECT,uniqueWords,344,24,,,,
register,register__uk-hcpc,REJECT,uniqueWords,363,43,,,,
register,register__uk-hcrg,REJECT,uniqueWords,339,19,,,,
register,register__uk-healthdaq,REJECT,uniqueWords,351,31,,,,
register,register__uk-herefordshire-and-worcestershire-health-and-care-nhs,REJECT,uniqueWords,359,39,,,,
register,register__uk-homerton-university-hospital-nhs-foundation-trust,REJECT,uniqueWords,354,34,,,,
register,register__uk-hull-university-teaching-hospitals-nhs-trust,REJECT,uniqueWords,354,34,,,,
register,register__uk-hunter-healthcare,REJECT,uniqueWords,342,22,,,,
register,register__uk-i-recruiti,REJECT,uniqueWords,338,18,,,,
register,register__uk-icg-medical,REJECT,uniqueWords,341,21,,,,
register,register__uk-ics,REJECT,uniqueWords,356,36,,,,
register,register__uk-id-medical-group,REJECT,uniqueWords,346,26,,,,
register,register__uk-imperial-college-healthcare-nhs-trust,REJECT,uniqueWords,351,31,,,,
register,register__uk-imperial-college-london,REJECT,uniqueWords,344,24,,,,
register,register__uk-insignia-global-partners,REJECT,uniqueWords,345,25,,,,
register,register__uk-isle-of-wight-nhs-trust,REJECT,uniqueWords,351,31,,,,
register,register__uk-james-paget-university-hospitals-nhs-foundation-trust,REJECT,uniqueWords,357,37,,,,
register,register__uk-jane-lewis,REJECT,uniqueWords,338,18,,,,
register,register__uk-kaizen-recruitment,REJECT,uniqueWords,342,22,,,,
register,register__uk-kent-and-medway-nhs-and-social-care,REJECT,uniqueWords,363,43,,,,
register,register__uk-kent-community-health-nhs-foundation-trust,REJECT,uniqueWords,353,33,,,,
register,register__uk-king-s-college-hospital-nhs-foundation-trust,REJECT,uniqueWords,354,34,,,,
register,register__uk-king-s-college-london,REJECT,uniqueWords,344,24,,,,
register,register__uk-leeds-and-york-partnership-nhs-foundation-trust,REJECT,uniqueWords,356,36,,,,
register,register__uk-leeds-community-healthcare-nhs-trust,REJECT,uniqueWords,350,30,,,,
register,register__uk-leeds-teaching-hospitals-nhs-trust,REJECT,uniqueWords,351,31,,,,
register,register__uk-leicestershire-partnership-nhs-trust,REJECT,uniqueWords,347,27,,,,
register,register__uk-lewisham-and-greenwich-nhs-trust,REJECT,uniqueWords,351,31,,,,
register,register__uk-lincolnshire-community-health-services-nhs-trust,REJECT,uniqueWords,353,33,,,,
register,register__uk-lincolnshire-partnership-nhs-foundation-trust,REJECT,uniqueWords,350,30,,,,
register,register__uk-liverpool-heart-and-chest-hospital-nhs-foundation,REJECT,uniqueWords,360,40,,,,
register,register__uk-liverpool-university-hospitals-nhs-foundation-trust,REJECT,uniqueWords,354,34,,,,
register,register__uk-liverpool-women-s-nhs-foundation-trust,REJECT,uniqueWords,351,31,,,,
register,register__uk-london-north-west-university-healthcare-nhs-trust,REJECT,uniqueWords,357,37,,,,
register,register__uk-maidstone-and-tunbridge-wells-nhs-trust,REJECT,uniqueWords,354,34,,,,
register,register__uk-manchester-metropolitan-university,REJECT,uniqueWords,345,25,,,,
register,register__uk-manchester-university-nhs-foundation-trust,REJECT,uniqueWords,351,31,,,,
register,register__uk-medacs-healthcare,REJECT,uniqueWords,343,23,,,,
register,register__uk-medilink-consulting-ltd,REJECT,uniqueWords,344,24,,,,
register,register__uk-mediscan-staffing-limited,REJECT,uniqueWords,345,25,,,,
register,register__uk-medline-recruitment-ltd,REJECT,uniqueWords,345,25,,,,
register,register__uk-medway-community-healthcare,REJECT,uniqueWords,344,24,,,,
register,register__uk-medway-nhs-foundation-trust,REJECT,uniqueWords,348,28,,,,
register,register__uk-mersey-and-west-lancashire-teaching-hospitals-nhs,REJECT,uniqueWords,360,40,,,,
register,register__uk-mersey-care-nhs-foundation-trust,REJECT,uniqueWords,351,31,,,,
register,register__uk-mid-and-south-essex-nhs-foundation-trust,REJECT,uniqueWords,357,37,,,,
register,register__uk-mid-cheshire-hospitals-nhs-foundation-trust,REJECT,uniqueWords,354,34,,,,
register,register__uk-mid-yorkshire-teaching-nhs-trust,REJECT,uniqueWords,351,31,,,,
register,register__uk-midlands-partnership-nhs-foundation-trust,REJECT,uniqueWords,350,30,,,,
register,register__uk-mma-recruitment,REJECT,uniqueWords,342,22,,,,
register,register__uk-moorfields-eye-hospital-nhs-foundation-trust,REJECT,uniqueWords,354,34,,,,
register,register__uk-msi-group-ltd-msi-recruitment,REJECT,uniqueWords,348,28,,,,
register,register__uk-my-healthcare-recruit,REJECT,uniqueWords,345,25,,,,
register,register__uk-navigo,REJECT,uniqueWords,338,18,,,,
register,register__uk-neptune-international,REJECT,uniqueWords,342,22,,,,
register,register__uk-neu-professionals,REJECT,uniqueWords,342,22,,,,
register,register__uk-new-victoria-hospital,REJECT,uniqueWords,345,25,,,,
register,register__uk-nhs-bath-and-north-east-somerset-swindon,REJECT,uniqueWords,372,52,,,,
register,register__uk-nhs-england-workforce-training-and-education-directorate,REJECT,uniqueWords,382,62,,,,
register,register__uk-nhs-greater-glasgow-and-clyde,REJECT,uniqueWords,351,31,,,,
register,register__uk-nhs-north-london-mental-health-partnership,REJECT,uniqueWords,354,34,,,,
register,register__uk-nhs-professionals,REJECT,uniqueWords,342,22,,,,
register,register__uk-nhs-wales-shared-services-partnership,REJECT,uniqueWords,364,44,,,,
register,register__uk-nmc,REJECT,uniqueWords,351,31,,,,
register,register__uk-norfolk-and-norwich-university-hospitals-nhs-foundation,REJECT,uniqueWords,360,40,,,,
register,register__uk-norfolk-and-suffolk-nhs-foundation-trust,REJECT,uniqueWords,353,33,,,,
register,register__uk-norfolk-community-healthcare,REJECT,uniqueWords,344,24,,,,
register,register__uk-north-bristol-nhs-trust,REJECT,uniqueWords,348,28,,,,
register,register__uk-north-cumbria-integrated-care-nhs-foundation-trust,REJECT,uniqueWords,357,37,,,,
register,register__uk-north-east-london-nhs-foundation-trust,REJECT,uniqueWords,354,34,,,,
register,register__uk-north-london-partners-shared-services,REJECT,uniqueWords,364,44,,,,
register,register__uk-north-middlesex-university-hospital-nhs-trust,REJECT,uniqueWords,354,34,,,,
register,register__uk-north-tees-and-hartlepool-nhs-foundation-trust,REJECT,uniqueWords,357,37,,,,
register,register__uk-north-west-ambulance-service-nhs-trust,REJECT,uniqueWords,353,33,,,,
register,register__uk-north-west-anglia-nhs-foundation-trust,REJECT,uniqueWords,354,34,,,,
register,register__uk-northampton-general-hospital-nhs-trust,REJECT,uniqueWords,351,31,,,,
register,register__uk-northamptonshire-healthcare-nhs-foundation-trust,REJECT,uniqueWords,350,30,,,,
register,register__uk-northern-care-alliance-nhs-foundation-trust,REJECT,uniqueWords,354,34,,,,
register,register__uk-northern-lincolnshire-and-goole-hospitals-nhs-foundation,REJECT,uniqueWords,360,40,,,,
register,register__uk-northumbria-healthcare-nhs-foundation-trust,REJECT,uniqueWords,351,31,,,,
register,register__uk-nottingham-trent-university,REJECT,uniqueWords,343,23,,,,
register,register__uk-nottingham-university-hospitals-nhs-trust,REJECT,uniqueWords,351,31,,,,
register,register__uk-nottinghamshire-healthcare-nhs-foundation-trust,REJECT,uniqueWords,350,30,,,,
register,register__uk-nursing-staffing-solutions,REJECT,uniqueWords,341,21,,,,
register,register__uk-nursingjobsuk,REJECT,uniqueWords,339,19,,,,
register,register__uk-oxford-health-nhs-foundation-trust,REJECT,uniqueWords,350,30,,,,
register,register__uk-oxford-university-hospitals-nhs-foundation-trust,REJECT,uniqueWords,354,34,,,,
register,register__uk-oxleas-nhs-foundation-trust,REJECT,uniqueWords,348,28,,,,
register,register__uk-portsmouth-hospital-university-nhs-trust,REJECT,uniqueWords,351,31,,,,
register,register__uk-professional-connections,REJECT,uniqueWords,342,22,,,,
register,register__uk-pulse-nursing-international,REJECT,uniqueWords,345,25,,,,
register,register__uk-queen-margaret-university,REJECT,uniqueWords,344,24,,,,
register,register__uk-queen-victoria-hospital-nhs-foundation-trust,REJECT,uniqueWords,354,34,,,,
register,register__uk-radaas-limited,REJECT,uniqueWords,342,22,,,,
register,register__uk-resource-finder,REJECT,uniqueWords,342,22,,,,
register,register__uk-rotherham-doncaster-south-humber-nhs-foundation,REJECT,uniqueWords,357,37,,,,
register,register__uk-royal-berkshire-nhs-foundation-trust,REJECT,uniqueWords,351,31,,,,
register,register__uk-royal-college-of-anaesthetists,REJECT,uniqueWords,347,27,,,,
register,register__uk-royal-college-of-obstetricians-and-gynaecologists,REJECT,uniqueWords,353,33,,,,
register,register__uk-royal-college-of-paediatrics-and-child-health,REJECT,uniqueWords,356,36,,,,
register,register__uk-royal-college-of-physicians-of-edinburgh,REJECT,uniqueWords,353,33,,,,
register,register__uk-royal-college-of-physicians-of-london,REJECT,uniqueWords,353,33,,,,
register,register__uk-royal-college-of-psychiatrists,REJECT,uniqueWords,347,27,,,,
register,register__uk-royal-college-of-surgeons-of-england,REJECT,uniqueWords,353,33,,,,
register,register__uk-royal-college-of-veterinary-surgeons,REJECT,uniqueWords,351,31,,,,
register,register__uk-royal-cornwall-hospitals-nhs-trust,REJECT,uniqueWords,351,31,,,,
register,register__uk-royal-devon-university-healthcare-nhs-foundation-trust,REJECT,uniqueWords,357,37,,,,
register,register__uk-royal-national-orthopaedic-hospital-nhs-trust,REJECT,uniqueWords,354,34,,,,
register,register__uk-royal-papworth-hospital-nhs-foundation-trust,REJECT,uniqueWords,354,34,,,,
register,register__uk-royal-surrey-nhs-foundation-trust,REJECT,uniqueWords,351,31,,,,
register,register__uk-royal-united-hospitals-nhs-foundation-trust,REJECT,uniqueWords,354,34,,,,
register,register__uk-salisbury-nhs-foundation-trust,REJECT,uniqueWords,348,28,,,,
register,register__uk-sanctuary-personnel,REJECT,uniqueWords,342,22,,,,
register,register__uk-sandwell-and-west-birmingham-nhs-trust,REJECT,uniqueWords,354,34,,,,
register,register__uk-search-recruitment-ltd,REJECT,uniqueWords,342,22,,,,
register,register__uk-servisource-ltd,REJECT,uniqueWords,342,22,,,,
register,register__uk-sheffield-children-s-nhs-foundation-trust,REJECT,uniqueWords,351,31,,,,
register,register__uk-sheffield-teaching-hospitals-nhs-foundation-trust,REJECT,uniqueWords,354,34,,,,
register,register__uk-sherwood-forest-hospitals-nhs-foundation-trust,REJECT,uniqueWords,354,34,,,,
register,register__uk-shropshire-community-health-nhs-trust,REJECT,uniqueWords,350,30,,,,
register,register__uk-skill-hire-uk-limited,REJECT,uniqueWords,345,25,,,,
register,register__uk-skyline-health-and-travel-limited,REJECT,uniqueWords,348,28,,,,
register,register__uk-smartheart-professionals,REJECT,uniqueWords,342,22,,,,
register,register__uk-solent-nhs-trust,REJECT,uniqueWords,344,24,,,,
register,register__uk-somerset-nhs-foundation-trust,REJECT,uniqueWords,348,28,,,,
register,register__uk-south-central-ambulance-service,REJECT,uniqueWords,347,27,,,,
register,register__uk-south-london-and-maudsley-nhs-trust,REJECT,uniqueWords,354,34,,,,
register,register__uk-south-tees-hospitals-nhs-foundation-trust,REJECT,uniqueWords,354,34,,,,
register,register__uk-south-tyneside-and-sunderland-nhs-foundation-trust,REJECT,uniqueWords,357,37,,,,
register,register__uk-south-warwickshire-nhs-foundation-trust,REJECT,uniqueWords,351,31,,,,
register,register__uk-south-west-london-recruitment-hub,REJECT,uniqueWords,351,31,,,,
register,register__uk-south-west-yorkshire-partnership-nhs-foundation-trust,REJECT,uniqueWords,356,36,,,,
register,register__uk-st-george-s-university-of-london,REJECT,uniqueWords,350,30,,,,
register,register__uk-stockport-nhs-foundation-trust,REJECT,uniqueWords,348,28,,,,
register,register__uk-stow-healthcare-group-ltd,REJECT,uniqueWords,347,27,,,,
register,register__uk-surrey-and-borders-partnership-nhs-foundation-trust,REJECT,uniqueWords,356,36,,,,
register,register__uk-surrey-and-sussex-healthcare-nhs-trust,REJECT,uniqueWords,354,34,,,,
register,register__uk-sussex-community-nhs-foundation-trust,REJECT,uniqueWords,350,30,,,,
register,register__uk-sussex-partnership-nhs-foundation-trust,REJECT,uniqueWords,351,31,,,,
register,register__uk-tameside-glossop-integrated-care-nhs-foundation,REJECT,uniqueWords,357,37,,,,
register,register__uk-tees-esk-and-wear-valleys-nhs-foundation,REJECT,uniqueWords,360,40,,,,
register,register__uk-teesside-university,REJECT,uniqueWords,355,35,,,,
register,register__uk-tguk-technologies-pvt-ltd,REJECT,uniqueWords,358,38,,,,
register,register__uk-the-dudley-group-nhs-foundation-trust,REJECT,uniqueWords,354,34,,,,
register,register__uk-the-newcastle-upon-tyne-hospitals-nhs-foundation,REJECT,uniqueWords,360,40,,,,
register,register__uk-the-placement-group,REJECT,uniqueWords,345,25,,,,
register,register__uk-the-robert-jones-and-agnes-hunt-orthopaedic,REJECT,uniqueWords,371,51,,,,
register,register__uk-the-rotherham-nhs-foundation-trust,REJECT,uniqueWords,351,31,,,,
register,register__uk-the-royal-college-of-emergency-medicine,REJECT,uniqueWords,353,33,,,,
register,register__uk-the-royal-college-of-ophthalmologists,REJECT,uniqueWords,350,30,,,,
register,register__uk-the-royal-college-of-pathologists,REJECT,uniqueWords,350,30,,,,
register,register__uk-the-royal-college-of-surgeons-of-edinburgh,REJECT,uniqueWords,356,36,,,,
register,register__uk-the-royal-wolverhampton-hospitals-nhs-trust,REJECT,uniqueWords,354,34,,,,
register,register__uk-the-shrewsbury-and-telford-hospital-nhs-trust,REJECT,uniqueWords,357,37,,,,
register,register__uk-the-university-of-sheffield,REJECT,uniqueWords,356,36,,,,
register,register__uk-ucl,REJECT,uniqueWords,355,35,,,,
register,register__uk-uk-foundation-programme,REJECT,uniqueWords,344,24,,,,
register,register__uk-ukvi,REJECT,uniqueWords,354,34,,,,
register,register__uk-ulster-university,REJECT,uniqueWords,349,29,,,,
register,register__uk-united-lincolnshire-hospitals-nhs-trust,REJECT,uniqueWords,351,31,,,,
register,register__uk-university-college-london-hospitals-nhs-foundation-trust,REJECT,uniqueWords,357,37,,,,
register,register__uk-university-hospital-southampton-nhs-foundation-trust,REJECT,uniqueWords,354,34,,,,
register,register__uk-university-hospitals-birmingham-nhs-foundation-trust,REJECT,uniqueWords,354,34,,,,
register,register__uk-university-hospitals-bristol-and-weston-nhs-foundation,REJECT,uniqueWords,360,40,,,,
register,register__uk-university-hospitals-coventry-warwickshire-nhs-trust,REJECT,uniqueWords,354,34,,,,
register,register__uk-university-hospitals-dorset,REJECT,uniqueWords,345,25,,,,
register,register__uk-university-hospitals-of-derby-and-burton-nhs,REJECT,uniqueWords,363,43,,,,
register,register__uk-university-hospitals-of-leicester-nhs-trust,REJECT,uniqueWords,354,34,,,,
register,register__uk-university-hospitals-of-morecambe-bay-nhs-foundation,REJECT,uniqueWords,360,40,,,,
register,register__uk-university-hospitals-of-north-midlands-nhs-trust,REJECT,uniqueWords,357,37,,,,
register,register__uk-university-hospitals-plymouth-nhs-trust,REJECT,uniqueWords,351,31,,,,
register,register__uk-university-hospitals-sussex-nhs-foundation-trust,REJECT,uniqueWords,354,34,,,,
register,register__uk-university-of-bradford,REJECT,uniqueWords,350,30,,,,
register,register__uk-university-of-brighton,REJECT,uniqueWords,351,31,,,,
register,register__uk-university-of-chester,REJECT,uniqueWords,350,30,,,,
register,register__uk-university-of-sunderland,REJECT,uniqueWords,347,27,,,,
register,register__uk-university-of-the-highlands-and-islands,REJECT,uniqueWords,357,37,,,,
register,register__uk-university-of-the-west-of-scotland,REJECT,uniqueWords,357,37,,,,
register,register__uk-university-of-wolverhampton,REJECT,uniqueWords,343,23,,,,
register,register__uk-veterinary-management-group,REJECT,uniqueWords,345,25,,,,
register,register__uk-vobis-medical,REJECT,uniqueWords,342,22,,,,
register,register__uk-warrington-and-halton-nhs-foundation-trust,REJECT,uniqueWords,354,34,,,,
register,register__uk-west-hertfordshire-teaching-hospitals-nhs-trust,REJECT,uniqueWords,354,34,,,,
register,register__uk-west-london-nhs-trust,REJECT,uniqueWords,348,28,,,,
register,register__uk-whittington-health-nhs-trust,REJECT,uniqueWords,348,28,,,,
register,register__uk-wimborne-nursing-agency-ltd,REJECT,uniqueWords,344,24,,,,
register,register__uk-wirral-university-teaching-hospitals,REJECT,uniqueWords,348,28,,,,
register,register__uk-worcestershire-acute-hospitals-nhs-trust,REJECT,uniqueWords,351,31,,,,
register,register__uk-wrightington-wigan-and-leigh-teaching-hospitals-nhs,REJECT,uniqueWords,363,43,,,,
register,register__uk-wye-valley-nhs-trust,REJECT,uniqueWords,348,28,,,,
register,register__uk-yeovil-district-hospital-nhs-foundation-trust,REJECT,uniqueWords,354,34,,,,
register,register__uk-york-scarborough-teaching-hospital-nhs-foundation,REJECT,uniqueWords,357,37,,,,
register,register__uk-yorkshire-ambulance-service-nhs-trust,REJECT,uniqueWords,351,31,,,,
register,register__us-alabama-board-of-nursing,REJECT,uniqueWords,348,28,,,,
register,register__us-alaska-board-of-nursing,REJECT,uniqueWords,346,26,,,,
register,register__us-arkansas-state-board-of-nursing,REJECT,uniqueWords,351,31,,,,
register,register__us-cleveland-clinic-foundation-graduate-medical-education,REJECT,uniqueWords,353,33,,,,
register,register__us-cleveland-clinic-lerner-college-of-medicine,REJECT,uniqueWords,353,33,,,,
register,register__us-connecticut-state-department-of-public-health,REJECT,uniqueWords,363,43,,,,
register,register__us-delaware-board-of-nursing,REJECT,uniqueWords,348,28,,,,
register,register__us-department-of-commerce-and-consumer-affairs,REJECT,uniqueWords,366,46,,,,
register,register__us-district-of-columbia-board-of-nursing,REJECT,uniqueWords,354,34,,,,
register,register__us-ece,REJECT,uniqueWords,347,27,,,,
register,register__us-ecfmg,REJECT,uniqueWords,357,37,,,,
register,register__us-florida-board-of-nursing,REJECT,uniqueWords,348,28,,,,
register,register__us-hrsa,REJECT,uniqueWords,354,34,,,,
register,register__us-idaho-board-of-nursing-division-of,REJECT,uniqueWords,366,46,,,,
register,register__us-iee,REJECT,uniqueWords,349,29,,,,
register,register__us-illinois-board-of-nursing,REJECT,uniqueWords,348,28,,,,
register,register__us-iowa-board-of-nursing,REJECT,uniqueWords,348,28,,,,
register,register__us-josef-silny-associates-inc,REJECT,uniqueWords,349,29,,,,
register,register__us-kansas-board-of-nursing,REJECT,uniqueWords,343,23,,,,
register,register__us-kentucky-board-of-nursing,REJECT,uniqueWords,348,28,,,,
register,register__us-lara,REJECT,uniqueWords,372,52,,,,
register,register__us-louisiana-state-board-of-nursing,REJECT,uniqueWords,352,32,,,,
register,register__us-loyola-university-medical-center,REJECT,uniqueWords,347,27,,,,
register,register__us-maryland-state-board-of-nursing,REJECT,uniqueWords,351,31,,,,
register,register__us-massachusetts-board-of-registration-in-nursing,REJECT,uniqueWords,354,34,,,,
register,register__us-medical-board-of-california,REJECT,uniqueWords,348,28,,,,
register,register__us-minnesota-board-of-dentistry,REJECT,uniqueWords,348,28,,,,
register,register__us-minnesota-board-of-nursing,REJECT,uniqueWords,348,28,,,,
register,register__us-mississippi-board-of-nursing,REJECT,uniqueWords,348,28,,,,
register,register__us-missouri-state-board-of-nursing,REJECT,uniqueWords,351,31,,,,
register,register__us-nebraska-board-of-nursing,REJECT,uniqueWords,348,28,,,,
register,register__us-new-hampshire-board-of-nursing,REJECT,uniqueWords,351,31,,,,
register,register__us-new-jersey-board-of-nursing,REJECT,uniqueWords,351,31,,,,
register,register__us-new-mexico-board-of-nursing,REJECT,uniqueWords,351,31,,,,
register,register__us-new-york-college-of-traditional-chinese-medicine,REJECT,uniqueWords,356,36,,,,
register,register__us-north-dakota-board-of-nursing,REJECT,uniqueWords,351,31,,,,
register,register__us-oregon-medical-board,REJECT,uniqueWords,344,24,,,,
register,register__us-oregon-state-board-of-nursing,REJECT,uniqueWords,351,31,,,,
register,register__us-pennsylvania-state-board-of-medicine,REJECT,uniqueWords,352,32,,,,
register,register__us-professional-credential-services,REJECT,uniqueWords,348,28,,,,
register,register__us-south-carolina-board-of-nursing,REJECT,uniqueWords,351,31,,,,
register,register__us-south-dakota-state-board-of-nursing,REJECT,uniqueWords,354,34,,,,
register,register__us-stanford-university-school-of-medicine-visiting-students,REJECT,uniqueWords,363,43,,,,
register,register__us-state-board-of-nursing-pennsylvania,REJECT,uniqueWords,352,32,,,,
register,register__us-tec,REJECT,uniqueWords,349,29,,,,
register,register__us-tennessee-board-of-nursing,REJECT,uniqueWords,348,28,,,,
register,register__us-texas-board-of-nursing,REJECT,uniqueWords,348,28,,,,
register,register__us-trumerit,REJECT,uniqueWords,351,31,,,,
register,register__us-university-of-pittsburgh-school-of-medicine-visiting,REJECT,uniqueWords,367,47,,,,
register,register__us-utah-state-board-of-nursing,REJECT,uniqueWords,351,31,,,,
register,register__us-vermont-state-board-of-nursing,REJECT,uniqueWords,351,31,,,,
register,register__us-virginia-board-of-nursing,REJECT,uniqueWords,348,28,,,,
register,register__us-washington-state-board-of-nursing,REJECT,uniqueWords,351,31,,,,
register,register__us-west-virginia-rn-board,REJECT,uniqueWords,348,28,,,,
register,register__us-wisconsin-board-of-nursing,REJECT,uniqueWords,348,28,,,,
register,register__us-wsbn,REJECT,uniqueWords,354,34,,,,
register,register__us-yale-school-of-medicine-visiting-students-program,REJECT,uniqueWords,359,39,,,,
register,register__ws-oceania-university-of-medicine,REJECT,uniqueWords,346,26,,,,